Notebook,Vessel,Temperature,Treatment,Plate,Row,Column,Electrophile,Electrophile SMILES,Electrophile Conc (M),Nucleophile,Nucleophile SMILES,Nucleophile Conc (M),Product,Product SMILES,Catalyst1,Catalyst1 SMILES,Catalyst1 Conc (M),Ligand1,Ligand1 SMILES,Ligand1 Conc (M),Ligand2,Ligand2 SMILES,Ligand2 Conc (M),Catalyst2,Catalyst2 SMILES,Catalyst2 Conc (M),BaseAcid,BaseAcid SMILES,BaseAcid Conc (M),ReductantOxidant,ReductantOxidant SMILES,ReductantOxidant Conc (M),Additive,Additive SMILES,Additive Conc (M),Solvent1,Solvent1 percentage,Solvent2,Solvent2 percentage,Analytical Method,index_waters,Output Value
zz210326_sp3_sp3_CC_decarb_deam,96,60,,96,A,1,"1-(tert-butyl) 2-(1,3-dioxoisoindolin-2-yl) pyrrolidine-1,2-dicarboxylate",O=C(ON1C(C(C=CC=C2)=C2C1=O)=O)C3N(C(OC(C)(C)C)=O)CCC3,0.1,"1-benzyl-2,4,6-triphenylpyridin-1-ium tetrafluoroborate",F[B-](F)(F)F.C1(C[N+]2=C(C3=CC=CC=C3)C=C(C4=CC=CC=C4)C=C2C5=CC=CC=C5)=CC=CC=C1,0.1,tert-butyl 2-benzylpyrrolidine-1-carboxylate,CC(OC(N1CCCC1CC2=CC=CC=C2)=O)(C)C,NICKEL(II) BROMIDE ETHYLENE GLYCOL DIMETHYL ETHER COMPLEX,COCCOC.[Ni+2].[Br-].[Br-],0.02,"4,4_-Bis(trifluoromethyl)-2,2_-bipyridine",FC(C1=CC(C2=NC=CC(C(F)(F)F)=C2)=NC=C1)(F)F,0.03,None,None,None,None,None,None,None,None,None,MANGANESE,[Mn],0.3,None,None,None,Dioxane:MeCN,100,none,0,UPLCMS,A1,70.67757009
zz210326_sp3_sp3_CC_decarb_deam,96,60,,96,A,2,"1,3-dioxoisoindolin-2-yl (tert-butoxycarbonyl)valinate",O=C(ON1C(C(C=CC=C2)=C2C1=O)=O)C(NC(OC(C)(C)C)=O)C(C)C,0.1,"1-benzyl-2,4,6-triphenylpyridin-1-ium tetrafluoroborate",F[B-](F)(F)F.C1(C[N+]2=C(C3=CC=CC=C3)C=C(C4=CC=CC=C4)C=C2C5=CC=CC=C5)=CC=CC=C1,0.1,tert-butyl (3-methyl-1-phenylbutan-2-yl)carbamate,CC(OC(NC(CC1=CC=CC=C1)C(C)C)=O)(C)C,NICKEL(II) BROMIDE ETHYLENE GLYCOL DIMETHYL ETHER COMPLEX,COCCOC.[Ni+2].[Br-].[Br-],0.02,"4,4_-Bis(trifluoromethyl)-2,2_-bipyridine",FC(C1=CC(C2=NC=CC(C(F)(F)F)=C2)=NC=C1)(F)F,0.03,None,None,None,None,None,None,None,None,None,MANGANESE,[Mn],0.3,None,None,None,Dioxane:MeCN,100,none,0,UPLCMS,A2,43.14709236
zz210326_sp3_sp3_CC_decarb_deam,96,60,,96,A,3,"1,3-dioxoisoindolin-2-yl (tert-butoxycarbonyl)leucinate",O=C(ON1C(C(C=CC=C2)=C2C1=O)=O)C(NC(OC(C)(C)C)=O)CC(C)C,0.1,"1-benzyl-2,4,6-triphenylpyridin-1-ium tetrafluoroborate",F[B-](F)(F)F.C1(C[N+]2=C(C3=CC=CC=C3)C=C(C4=CC=CC=C4)C=C2C5=CC=CC=C5)=CC=CC=C1,0.1,tert-butyl (4-methyl-1-phenylpentan-2-yl)carbamate,CC(OC(NC(CC1=CC=CC=C1)CC(C)C)=O)(C)C,NICKEL(II) BROMIDE ETHYLENE GLYCOL DIMETHYL ETHER COMPLEX,COCCOC.[Ni+2].[Br-].[Br-],0.02,"4,4_-Bis(trifluoromethyl)-2,2_-bipyridine",FC(C1=CC(C2=NC=CC(C(F)(F)F)=C2)=NC=C1)(F)F,0.03,None,None,None,None,None,None,None,None,None,MANGANESE,[Mn],0.3,None,None,None,Dioxane:MeCN,100,none,0,UPLCMS,A3,82.13390476
zz210326_sp3_sp3_CC_decarb_deam,96,60,,96,A,4,"1,3-dioxoisoindolin-2-yl 2-((tert-butoxycarbonyl)amino)pentanoate",O=C(ON1C(C(C=CC=C2)=C2C1=O)=O)C(NC(OC(C)(C)C)=O)CCC,0.1,"1-benzyl-2,4,6-triphenylpyridin-1-ium tetrafluoroborate",F[B-](F)(F)F.C1(C[N+]2=C(C3=CC=CC=C3)C=C(C4=CC=CC=C4)C=C2C5=CC=CC=C5)=CC=CC=C1,0.1,tert-butyl (1-phenylpentan-2-yl)carbamate,CCCC(NC(OC(C)(C)C)=O)CC1=CC=CC=C1,NICKEL(II) BROMIDE ETHYLENE GLYCOL DIMETHYL ETHER COMPLEX,COCCOC.[Ni+2].[Br-].[Br-],0.02,"4,4_-Bis(trifluoromethyl)-2,2_-bipyridine",FC(C1=CC(C2=NC=CC(C(F)(F)F)=C2)=NC=C1)(F)F,0.03,None,None,None,None,None,None,None,None,None,MANGANESE,[Mn],0.3,None,None,None,Dioxane:MeCN,100,none,0,UPLCMS,A4,72.72914521
zz210326_sp3_sp3_CC_decarb_deam,96,60,,96,A,5,"1,3-dioxoisoindolin-2-yl (tert-butoxycarbonyl)alaninate",O=C(ON1C(C(C=CC=C2)=C2C1=O)=O)C(NC(OC(C)(C)C)=O)C,0.1,"1-benzyl-2,4,6-triphenylpyridin-1-ium tetrafluoroborate",F[B-](F)(F)F.C1(C[N+]2=C(C3=CC=CC=C3)C=C(C4=CC=CC=C4)C=C2C5=CC=CC=C5)=CC=CC=C1,0.1,tert-butyl (1-phenylpropan-2-yl)carbamate,CC(NC(OC(C)(C)C)=O)CC1=CC=CC=C1,NICKEL(II) BROMIDE ETHYLENE GLYCOL DIMETHYL ETHER COMPLEX,COCCOC.[Ni+2].[Br-].[Br-],0.02,"4,4_-Bis(trifluoromethyl)-2,2_-bipyridine",FC(C1=CC(C2=NC=CC(C(F)(F)F)=C2)=NC=C1)(F)F,0.03,None,None,None,None,None,None,None,None,None,MANGANESE,[Mn],0.3,None,None,None,Dioxane:MeCN,100,none,0,UPLCMS,A5,87.59259259
zz210326_sp3_sp3_CC_decarb_deam,96,60,,96,A,6,"1,3-dioxoisoindolin-2-yl (tert-butoxycarbonyl)methioninate",O=C(ON1C(C(C=CC=C2)=C2C1=O)=O)C(NC(OC(C)(C)C)=O)CCSC,0.1,"1-benzyl-2,4,6-triphenylpyridin-1-ium tetrafluoroborate",F[B-](F)(F)F.C1(C[N+]2=C(C3=CC=CC=C3)C=C(C4=CC=CC=C4)C=C2C5=CC=CC=C5)=CC=CC=C1,0.1,tert-butyl (4-(methylthio)-1-phenylbutan-2-yl)carbamate,CC(OC(NC(CC1=CC=CC=C1)CCSC)=O)(C)C,NICKEL(II) BROMIDE ETHYLENE GLYCOL DIMETHYL ETHER COMPLEX,COCCOC.[Ni+2].[Br-].[Br-],0.02,"4,4_-Bis(trifluoromethyl)-2,2_-bipyridine",FC(C1=CC(C2=NC=CC(C(F)(F)F)=C2)=NC=C1)(F)F,0.03,None,None,None,None,None,None,None,None,None,MANGANESE,[Mn],0.3,None,None,None,Dioxane:MeCN,100,none,0,UPLCMS,A6,66.15859938
zz210326_sp3_sp3_CC_decarb_deam,96,60,,96,A,7,"1,3-dioxoisoindolin-2-yl (tert-butoxycarbonyl)phenylalaninate",O=C(ON1C(C(C=CC=C2)=C2C1=O)=O)C(NC(OC(C)(C)C)=O)CC3=CC=CC=C3,0.1,"1-benzyl-2,4,6-triphenylpyridin-1-ium tetrafluoroborate",F[B-](F)(F)F.C1(C[N+]2=C(C3=CC=CC=C3)C=C(C4=CC=CC=C4)C=C2C5=CC=CC=C5)=CC=CC=C1,0.1,"tert-butyl (1,3-diphenylpropan-2-yl)carbamate",CC(OC(NC(CC1=CC=CC=C1)CC2=CC=CC=C2)=O)(C)C,NICKEL(II) BROMIDE ETHYLENE GLYCOL DIMETHYL ETHER COMPLEX,COCCOC.[Ni+2].[Br-].[Br-],0.02,"4,4_-Bis(trifluoromethyl)-2,2_-bipyridine",FC(C1=CC(C2=NC=CC(C(F)(F)F)=C2)=NC=C1)(F)F,0.03,None,None,None,None,None,None,None,None,None,MANGANESE,[Mn],0.3,None,None,None,Dioxane:MeCN,100,none,0,UPLCMS,A7,42.98885714
zz210326_sp3_sp3_CC_decarb_deam,96,60,,96,A,8,"1,3-dioxoisoindolin-2-yl 2-((tert-butoxycarbonyl)amino)-3-(perfluorophenyl)propanoate",FC(C(F)=C1F)=C(F)C(F)=C1CC(C(ON2C(C(C=CC=C3)=C3C2=O)=O)=O)NC(OC(C)(C)C)=O,0.1,"1-benzyl-2,4,6-triphenylpyridin-1-ium tetrafluoroborate",F[B-](F)(F)F.C1(C[N+]2=C(C3=CC=CC=C3)C=C(C4=CC=CC=C4)C=C2C5=CC=CC=C5)=CC=CC=C1,0.1,tert-butyl (1-(perfluorophenyl)-3-phenylpropan-2-yl)carbamate,FC(C(F)=C1F)=C(F)C(F)=C1CC(NC(OC(C)(C)C)=O)CC2=CC=CC=C2,NICKEL(II) BROMIDE ETHYLENE GLYCOL DIMETHYL ETHER COMPLEX,COCCOC.[Ni+2].[Br-].[Br-],0.02,"4,4_-Bis(trifluoromethyl)-2,2_-bipyridine",FC(C1=CC(C2=NC=CC(C(F)(F)F)=C2)=NC=C1)(F)F,0.03,None,None,None,None,None,None,None,None,None,MANGANESE,[Mn],0.3,None,None,None,Dioxane:MeCN,100,none,0,UPLCMS,A8,18.34714286
zz210326_sp3_sp3_CC_decarb_deam,96,60,,96,A,9,"1,3-dioxoisoindolin-2-yl 2-(3,4-dimethoxyphenyl)acetate",O=C(ON1C(C(C=CC=C2)=C2C1=O)=O)CC3=CC(OC)=C(OC)C=C3,0.1,"1-benzyl-2,4,6-triphenylpyridin-1-ium tetrafluoroborate",F[B-](F)(F)F.C1(C[N+]2=C(C3=CC=CC=C3)C=C(C4=CC=CC=C4)C=C2C5=CC=CC=C5)=CC=CC=C1,0.1,"1,2-dimethoxy-4-phenethylbenzene",COC1=C(OC)C=CC(CCC2=CC=CC=C2)=C1,NICKEL(II) BROMIDE ETHYLENE GLYCOL DIMETHYL ETHER COMPLEX,COCCOC.[Ni+2].[Br-].[Br-],0.02,"4,4_-Bis(trifluoromethyl)-2,2_-bipyridine",FC(C1=CC(C2=NC=CC(C(F)(F)F)=C2)=NC=C1)(F)F,0.03,None,None,None,None,None,None,None,None,None,MANGANESE,[Mn],0.3,None,None,None,Dioxane:MeCN,100,none,0,UPLCMS,A9,48.3304272
zz210326_sp3_sp3_CC_decarb_deam,96,60,,96,A,10,"1,3-dioxoisoindolin-2-yl 2-(1-(4-chlorobenzoyl)-5-methoxy-2-methyl-1H-indol-3-yl)acetate",O=C(C1=CC=C(Cl)C=C1)N2C(C)=C(CC(ON3C(C(C=CC=C4)=C4C3=O)=O)=O)C5=CC(OC)=CC=C52,0.1,"1-benzyl-2,4,6-triphenylpyridin-1-ium tetrafluoroborate",F[B-](F)(F)F.C1(C[N+]2=C(C3=CC=CC=C3)C=C(C4=CC=CC=C4)C=C2C5=CC=CC=C5)=CC=CC=C1,0.1,(4-chlorophenyl)(5-methoxy-2-methyl-3-phenethyl-1H-indol-1-yl)methanone,O=C(C1=CC=C(Cl)C=C1)N2C(C)=C(CCC3=CC=CC=C3)C4=CC(OC)=CC=C42,NICKEL(II) BROMIDE ETHYLENE GLYCOL DIMETHYL ETHER COMPLEX,COCCOC.[Ni+2].[Br-].[Br-],0.02,"4,4_-Bis(trifluoromethyl)-2,2_-bipyridine",FC(C1=CC(C2=NC=CC(C(F)(F)F)=C2)=NC=C1)(F)F,0.03,None,None,None,None,None,None,None,None,None,MANGANESE,[Mn],0.3,None,None,None,Dioxane:MeCN,100,none,0,UPLCMS,A10,0
zz210326_sp3_sp3_CC_decarb_deam,96,60,,96,A,11,"1,3-dioxoisoindolin-2-yl 2-(2-((2,6-dichlorophenyl)amino)phenyl)acetate",ClC1=C(NC2=CC=CC=C2CC(ON3C(C(C=CC=C4)=C4C3=O)=O)=O)C(Cl)=CC=C1,0.1,"1-benzyl-2,4,6-triphenylpyridin-1-ium tetrafluoroborate",F[B-](F)(F)F.C1(C[N+]2=C(C3=CC=CC=C3)C=C(C4=CC=CC=C4)C=C2C5=CC=CC=C5)=CC=CC=C1,0.1,"2,6-dichloro-N-(2-phenethylphenyl)aniline",ClC1=C(NC2=CC=CC=C2CCC3=CC=CC=C3)C(Cl)=CC=C1,NICKEL(II) BROMIDE ETHYLENE GLYCOL DIMETHYL ETHER COMPLEX,COCCOC.[Ni+2].[Br-].[Br-],0.02,"4,4_-Bis(trifluoromethyl)-2,2_-bipyridine",FC(C1=CC(C2=NC=CC(C(F)(F)F)=C2)=NC=C1)(F)F,0.03,None,None,None,None,None,None,None,None,None,MANGANESE,[Mn],0.3,None,None,None,Dioxane:MeCN,100,none,0,UPLCMS,A11,22.87285843
zz210326_sp3_sp3_CC_decarb_deam,96,60,,96,A,12,"1,3-dioxoisoindolin-2-yl 2-(4-isobutylphenyl)propanoate",O=C(ON1C(C(C=CC=C2)=C2C1=O)=O)C(C)C3=CC=C(CC(C)C)C=C3,0.1,"1-benzyl-2,4,6-triphenylpyridin-1-ium tetrafluoroborate",F[B-](F)(F)F.C1(C[N+]2=C(C3=CC=CC=C3)C=C(C4=CC=CC=C4)C=C2C5=CC=CC=C5)=CC=CC=C1,0.1,1-isobutyl-4-(1-phenylpropan-2-yl)benzene,CC(CC1=CC=CC=C1)C2=CC=C(CC(C)C)C=C2,NICKEL(II) BROMIDE ETHYLENE GLYCOL DIMETHYL ETHER COMPLEX,COCCOC.[Ni+2].[Br-].[Br-],0.02,"4,4_-Bis(trifluoromethyl)-2,2_-bipyridine",FC(C1=CC(C2=NC=CC(C(F)(F)F)=C2)=NC=C1)(F)F,0.03,None,None,None,None,None,None,None,None,None,MANGANESE,[Mn],0.3,None,None,None,Dioxane:MeCN,100,none,0,UPLCMS,A12,48.86815129
zz210326_sp3_sp3_CC_decarb_deam,96,60,,96,B,1,"1-(tert-butyl) 2-(1,3-dioxoisoindolin-2-yl) pyrrolidine-1,2-dicarboxylate",O=C(ON1C(C(C=CC=C2)=C2C1=O)=O)C3N(C(OC(C)(C)C)=O)CCC3,0.1,"1-(4-methylbenzyl)-2,4,6-triphenylpyridin-1-ium tetrafluoroborate",CC(C=C1)=CC=C1C[N+]2=C(C3=CC=CC=C3)C=C(C4=CC=CC=C4)C=C2C5=CC=CC=C5.F[B-](F)(F)F,0.1,tert-butyl 2-(4-methylbenzyl)pyrrolidine-1-carboxylate,CC(OC(N1CCCC1CC2=CC=C(C)C=C2)=O)(C)C,NICKEL(II) BROMIDE ETHYLENE GLYCOL DIMETHYL ETHER COMPLEX,COCCOC.[Ni+2].[Br-].[Br-],0.02,"4,4_-Bis(trifluoromethyl)-2,2_-bipyridine",FC(C1=CC(C2=NC=CC(C(F)(F)F)=C2)=NC=C1)(F)F,0.03,None,None,None,None,None,None,None,None,None,MANGANESE,[Mn],0.3,None,None,None,Dioxane:MeCN,100,none,0,UPLCMS,B1,59.9009901
zz210326_sp3_sp3_CC_decarb_deam,96,60,,96,B,2,"1,3-dioxoisoindolin-2-yl (tert-butoxycarbonyl)valinate",O=C(ON1C(C(C=CC=C2)=C2C1=O)=O)C(NC(OC(C)(C)C)=O)C(C)C,0.1,"1-(4-methylbenzyl)-2,4,6-triphenylpyridin-1-ium tetrafluoroborate",CC(C=C1)=CC=C1C[N+]2=C(C3=CC=CC=C3)C=C(C4=CC=CC=C4)C=C2C5=CC=CC=C5.F[B-](F)(F)F,0.1,tert-butyl (3-methyl-1-(p-tolyl)butan-2-yl)carbamate,CC(C=C1)=CC=C1CC(NC(OC(C)(C)C)=O)C(C)C,NICKEL(II) BROMIDE ETHYLENE GLYCOL DIMETHYL ETHER COMPLEX,COCCOC.[Ni+2].[Br-].[Br-],0.02,"4,4_-Bis(trifluoromethyl)-2,2_-bipyridine",FC(C1=CC(C2=NC=CC(C(F)(F)F)=C2)=NC=C1)(F)F,0.03,None,None,None,None,None,None,None,None,None,MANGANESE,[Mn],0.3,None,None,None,Dioxane:MeCN,100,none,0,UPLCMS,B2,14.55156951
zz210326_sp3_sp3_CC_decarb_deam,96,60,,96,B,3,"1,3-dioxoisoindolin-2-yl (tert-butoxycarbonyl)leucinate",O=C(ON1C(C(C=CC=C2)=C2C1=O)=O)C(NC(OC(C)(C)C)=O)CC(C)C,0.1,"1-(4-methylbenzyl)-2,4,6-triphenylpyridin-1-ium tetrafluoroborate",CC(C=C1)=CC=C1C[N+]2=C(C3=CC=CC=C3)C=C(C4=CC=CC=C4)C=C2C5=CC=CC=C5.F[B-](F)(F)F,0.1,tert-butyl (4-methyl-1-(p-tolyl)pentan-2-yl)carbamate,CC(C=C1)=CC=C1CC(NC(OC(C)(C)C)=O)CC(C)C,NICKEL(II) BROMIDE ETHYLENE GLYCOL DIMETHYL ETHER COMPLEX,COCCOC.[Ni+2].[Br-].[Br-],0.02,"4,4_-Bis(trifluoromethyl)-2,2_-bipyridine",FC(C1=CC(C2=NC=CC(C(F)(F)F)=C2)=NC=C1)(F)F,0.03,None,None,None,None,None,None,None,None,None,MANGANESE,[Mn],0.3,None,None,None,Dioxane:MeCN,100,none,0,UPLCMS,B3,35.23561905
zz210326_sp3_sp3_CC_decarb_deam,96,60,,96,B,4,"1,3-dioxoisoindolin-2-yl 2-((tert-butoxycarbonyl)amino)pentanoate",O=C(ON1C(C(C=CC=C2)=C2C1=O)=O)C(NC(OC(C)(C)C)=O)CCC,0.1,"1-(4-methylbenzyl)-2,4,6-triphenylpyridin-1-ium tetrafluoroborate",CC(C=C1)=CC=C1C[N+]2=C(C3=CC=CC=C3)C=C(C4=CC=CC=C4)C=C2C5=CC=CC=C5.F[B-](F)(F)F,0.1,tert-butyl (1-(p-tolyl)pentan-2-yl)carbamate,CC(C=C1)=CC=C1CC(NC(OC(C)(C)C)=O)CCC,NICKEL(II) BROMIDE ETHYLENE GLYCOL DIMETHYL ETHER COMPLEX,COCCOC.[Ni+2].[Br-].[Br-],0.02,"4,4_-Bis(trifluoromethyl)-2,2_-bipyridine",FC(C1=CC(C2=NC=CC(C(F)(F)F)=C2)=NC=C1)(F)F,0.03,None,None,None,None,None,None,None,None,None,MANGANESE,[Mn],0.3,None,None,None,Dioxane:MeCN,100,none,0,UPLCMS,B4,55.3972381
zz210326_sp3_sp3_CC_decarb_deam,96,60,,96,B,5,"1,3-dioxoisoindolin-2-yl (tert-butoxycarbonyl)alaninate",O=C(ON1C(C(C=CC=C2)=C2C1=O)=O)C(NC(OC(C)(C)C)=O)C,0.1,"1-(4-methylbenzyl)-2,4,6-triphenylpyridin-1-ium tetrafluoroborate",CC(C=C1)=CC=C1C[N+]2=C(C3=CC=CC=C3)C=C(C4=CC=CC=C4)C=C2C5=CC=CC=C5.F[B-](F)(F)F,0.1,tert-butyl (1-(p-tolyl)propan-2-yl)carbamate,CC(C=C1)=CC=C1CC(NC(OC(C)(C)C)=O)C,NICKEL(II) BROMIDE ETHYLENE GLYCOL DIMETHYL ETHER COMPLEX,COCCOC.[Ni+2].[Br-].[Br-],0.02,"4,4_-Bis(trifluoromethyl)-2,2_-bipyridine",FC(C1=CC(C2=NC=CC(C(F)(F)F)=C2)=NC=C1)(F)F,0.03,None,None,None,None,None,None,None,None,None,MANGANESE,[Mn],0.3,None,None,None,Dioxane:MeCN,100,none,0,UPLCMS,B5,81.59836066
zz210326_sp3_sp3_CC_decarb_deam,96,60,,96,B,6,"1,3-dioxoisoindolin-2-yl (tert-butoxycarbonyl)methioninate",O=C(ON1C(C(C=CC=C2)=C2C1=O)=O)C(NC(OC(C)(C)C)=O)CCSC,0.1,"1-(4-methylbenzyl)-2,4,6-triphenylpyridin-1-ium tetrafluoroborate",CC(C=C1)=CC=C1C[N+]2=C(C3=CC=CC=C3)C=C(C4=CC=CC=C4)C=C2C5=CC=CC=C5.F[B-](F)(F)F,0.1,tert-butyl (4-(methylthio)-1-(p-tolyl)butan-2-yl)carbamate,CC(C=C1)=CC=C1CC(NC(OC(C)(C)C)=O)CCSC,NICKEL(II) BROMIDE ETHYLENE GLYCOL DIMETHYL ETHER COMPLEX,COCCOC.[Ni+2].[Br-].[Br-],0.02,"4,4_-Bis(trifluoromethyl)-2,2_-bipyridine",FC(C1=CC(C2=NC=CC(C(F)(F)F)=C2)=NC=C1)(F)F,0.03,None,None,None,None,None,None,None,None,None,MANGANESE,[Mn],0.3,None,None,None,Dioxane:MeCN,100,none,0,UPLCMS,B6,50.08714597
zz210326_sp3_sp3_CC_decarb_deam,96,60,,96,B,7,"1,3-dioxoisoindolin-2-yl (tert-butoxycarbonyl)phenylalaninate",O=C(ON1C(C(C=CC=C2)=C2C1=O)=O)C(NC(OC(C)(C)C)=O)CC3=CC=CC=C3,0.1,"1-(4-methylbenzyl)-2,4,6-triphenylpyridin-1-ium tetrafluoroborate",CC(C=C1)=CC=C1C[N+]2=C(C3=CC=CC=C3)C=C(C4=CC=CC=C4)C=C2C5=CC=CC=C5.F[B-](F)(F)F,0.1,tert-butyl (1-phenyl-3-(p-tolyl)propan-2-yl)carbamate,CC(C=C1)=CC=C1CC(NC(OC(C)(C)C)=O)CC2=CC=CC=C2,NICKEL(II) BROMIDE ETHYLENE GLYCOL DIMETHYL ETHER COMPLEX,COCCOC.[Ni+2].[Br-].[Br-],0.02,"4,4_-Bis(trifluoromethyl)-2,2_-bipyridine",FC(C1=CC(C2=NC=CC(C(F)(F)F)=C2)=NC=C1)(F)F,0.03,None,None,None,None,None,None,None,None,None,MANGANESE,[Mn],0.3,None,None,None,Dioxane:MeCN,100,none,0,UPLCMS,B7,48.01561905
zz210326_sp3_sp3_CC_decarb_deam,96,60,,96,B,8,"1,3-dioxoisoindolin-2-yl 2-((tert-butoxycarbonyl)amino)-3-(perfluorophenyl)propanoate",FC(C(F)=C1F)=C(F)C(F)=C1CC(C(ON2C(C(C=CC=C3)=C3C2=O)=O)=O)NC(OC(C)(C)C)=O,0.1,"1-(4-methylbenzyl)-2,4,6-triphenylpyridin-1-ium tetrafluoroborate",CC(C=C1)=CC=C1C[N+]2=C(C3=CC=CC=C3)C=C(C4=CC=CC=C4)C=C2C5=CC=CC=C5.F[B-](F)(F)F,0.1,tert-butyl (1-(perfluorophenyl)-3-(p-tolyl)propan-2-yl)carbamate,FC(C(F)=C1F)=C(F)C(F)=C1CC(NC(OC(C)(C)C)=O)CC2=CC=C(C)C=C2,NICKEL(II) BROMIDE ETHYLENE GLYCOL DIMETHYL ETHER COMPLEX,COCCOC.[Ni+2].[Br-].[Br-],0.02,"4,4_-Bis(trifluoromethyl)-2,2_-bipyridine",FC(C1=CC(C2=NC=CC(C(F)(F)F)=C2)=NC=C1)(F)F,0.03,None,None,None,None,None,None,None,None,None,MANGANESE,[Mn],0.3,None,None,None,Dioxane:MeCN,100,none,0,UPLCMS,B8,9.521238095
zz210326_sp3_sp3_CC_decarb_deam,96,60,,96,B,9,"1,3-dioxoisoindolin-2-yl 2-(3,4-dimethoxyphenyl)acetate",O=C(ON1C(C(C=CC=C2)=C2C1=O)=O)CC3=CC(OC)=C(OC)C=C3,0.1,"1-(4-methylbenzyl)-2,4,6-triphenylpyridin-1-ium tetrafluoroborate",CC(C=C1)=CC=C1C[N+]2=C(C3=CC=CC=C3)C=C(C4=CC=CC=C4)C=C2C5=CC=CC=C5.F[B-](F)(F)F,0.1,"1,2-dimethoxy-4-(4-methylphenethyl)benzene",CC(C=C1)=CC=C1CCC2=CC(OC)=C(OC)C=C2,NICKEL(II) BROMIDE ETHYLENE GLYCOL DIMETHYL ETHER COMPLEX,COCCOC.[Ni+2].[Br-].[Br-],0.02,"4,4_-Bis(trifluoromethyl)-2,2_-bipyridine",FC(C1=CC(C2=NC=CC(C(F)(F)F)=C2)=NC=C1)(F)F,0.03,None,None,None,None,None,None,None,None,None,MANGANESE,[Mn],0.3,None,None,None,Dioxane:MeCN,100,none,0,UPLCMS,B9,36.42008809
zz210326_sp3_sp3_CC_decarb_deam,96,60,,96,B,10,"1,3-dioxoisoindolin-2-yl 2-(1-(4-chlorobenzoyl)-5-methoxy-2-methyl-1H-indol-3-yl)acetate",O=C(C1=CC=C(Cl)C=C1)N2C(C)=C(CC(ON3C(C(C=CC=C4)=C4C3=O)=O)=O)C5=CC(OC)=CC=C52,0.1,"1-(4-methylbenzyl)-2,4,6-triphenylpyridin-1-ium tetrafluoroborate",CC(C=C1)=CC=C1C[N+]2=C(C3=CC=CC=C3)C=C(C4=CC=CC=C4)C=C2C5=CC=CC=C5.F[B-](F)(F)F,0.1,(4-chlorophenyl)(5-methoxy-2-methyl-3-(4-methylphenethyl)-1H-indol-1-yl)methanone,O=C(C1=CC=C(Cl)C=C1)N2C(C)=C(CCC3=CC=C(C)C=C3)C4=CC(OC)=CC=C42,NICKEL(II) BROMIDE ETHYLENE GLYCOL DIMETHYL ETHER COMPLEX,COCCOC.[Ni+2].[Br-].[Br-],0.02,"4,4_-Bis(trifluoromethyl)-2,2_-bipyridine",FC(C1=CC(C2=NC=CC(C(F)(F)F)=C2)=NC=C1)(F)F,0.03,None,None,None,None,None,None,None,None,None,MANGANESE,[Mn],0.3,None,None,None,Dioxane:MeCN,100,none,0,UPLCMS,B10,32.3670045
zz210326_sp3_sp3_CC_decarb_deam,96,60,,96,B,11,"1,3-dioxoisoindolin-2-yl 2-(2-((2,6-dichlorophenyl)amino)phenyl)acetate",ClC1=C(NC2=CC=CC=C2CC(ON3C(C(C=CC=C4)=C4C3=O)=O)=O)C(Cl)=CC=C1,0.1,"1-(4-methylbenzyl)-2,4,6-triphenylpyridin-1-ium tetrafluoroborate",CC(C=C1)=CC=C1C[N+]2=C(C3=CC=CC=C3)C=C(C4=CC=CC=C4)C=C2C5=CC=CC=C5.F[B-](F)(F)F,0.1,"2,6-dichloro-N-(2-(4-methylphenethyl)phenyl)aniline",ClC1=C(NC2=CC=CC=C2CCC3=CC=C(C)C=C3)C(Cl)=CC=C1,NICKEL(II) BROMIDE ETHYLENE GLYCOL DIMETHYL ETHER COMPLEX,COCCOC.[Ni+2].[Br-].[Br-],0.02,"4,4_-Bis(trifluoromethyl)-2,2_-bipyridine",FC(C1=CC(C2=NC=CC(C(F)(F)F)=C2)=NC=C1)(F)F,0.03,None,None,None,None,None,None,None,None,None,MANGANESE,[Mn],0.3,None,None,None,Dioxane:MeCN,100,none,0,UPLCMS,B11,31.5688172
zz210326_sp3_sp3_CC_decarb_deam,96,60,,96,B,12,"1,3-dioxoisoindolin-2-yl 2-(4-isobutylphenyl)propanoate",O=C(ON1C(C(C=CC=C2)=C2C1=O)=O)C(C)C3=CC=C(CC(C)C)C=C3,0.1,"1-(4-methylbenzyl)-2,4,6-triphenylpyridin-1-ium tetrafluoroborate",CC(C=C1)=CC=C1C[N+]2=C(C3=CC=CC=C3)C=C(C4=CC=CC=C4)C=C2C5=CC=CC=C5.F[B-](F)(F)F,0.1,1-isobutyl-4-(1-(p-tolyl)propan-2-yl)benzene,CC(C=C1)=CC=C1CC(C)C2=CC=C(CC(C)C)C=C2,NICKEL(II) BROMIDE ETHYLENE GLYCOL DIMETHYL ETHER COMPLEX,COCCOC.[Ni+2].[Br-].[Br-],0.02,"4,4_-Bis(trifluoromethyl)-2,2_-bipyridine",FC(C1=CC(C2=NC=CC(C(F)(F)F)=C2)=NC=C1)(F)F,0.03,None,None,None,None,None,None,None,None,None,MANGANESE,[Mn],0.3,None,None,None,Dioxane:MeCN,100,none,0,UPLCMS,B12,76.7813394
zz210326_sp3_sp3_CC_decarb_deam,96,60,,96,C,1,"1-(tert-butyl) 2-(1,3-dioxoisoindolin-2-yl) pyrrolidine-1,2-dicarboxylate",O=C(ON1C(C(C=CC=C2)=C2C1=O)=O)C3N(C(OC(C)(C)C)=O)CCC3,0.1,"2,4,6-triphenyl-1-(4-(trifluoromethyl)benzyl)pyridin-1-ium",FC(C(C=C1)=CC=C1C[N+]2=C(C3=CC=CC=C3)C=C(C4=CC=CC=C4)C=C2C5=CC=CC=C5)(F)F.F[B-](F)(F)F,0.1,tert-butyl 2-(4-(trifluoromethyl)benzyl)pyrrolidine-1-carboxylate,CC(OC(N1CCCC1CC2=CC=C(C(F)(F)F)C=C2)=O)(C)C,NICKEL(II) BROMIDE ETHYLENE GLYCOL DIMETHYL ETHER COMPLEX,COCCOC.[Ni+2].[Br-].[Br-],0.02,"4,4_-Bis(trifluoromethyl)-2,2_-bipyridine",FC(C1=CC(C2=NC=CC(C(F)(F)F)=C2)=NC=C1)(F)F,0.03,None,None,None,None,None,None,None,None,None,MANGANESE,[Mn],0.3,None,None,None,Dioxane:MeCN,100,none,0,UPLCMS,C1,73.26295585
zz210326_sp3_sp3_CC_decarb_deam,96,60,,96,C,2,"1,3-dioxoisoindolin-2-yl (tert-butoxycarbonyl)valinate",O=C(ON1C(C(C=CC=C2)=C2C1=O)=O)C(NC(OC(C)(C)C)=O)C(C)C,0.1,"2,4,6-triphenyl-1-(4-(trifluoromethyl)benzyl)pyridin-1-ium",FC(C(C=C1)=CC=C1C[N+]2=C(C3=CC=CC=C3)C=C(C4=CC=CC=C4)C=C2C5=CC=CC=C5)(F)F.F[B-](F)(F)F,0.1,tert-butyl (3-methyl-1-(4-(trifluoromethyl)phenyl)butan-2-yl)carbamate,CC(OC(NC(CC1=CC=C(C(F)(F)F)C=C1)C(C)C)=O)(C)C,NICKEL(II) BROMIDE ETHYLENE GLYCOL DIMETHYL ETHER COMPLEX,COCCOC.[Ni+2].[Br-].[Br-],0.02,"4,4_-Bis(trifluoromethyl)-2,2_-bipyridine",FC(C1=CC(C2=NC=CC(C(F)(F)F)=C2)=NC=C1)(F)F,0.03,None,None,None,None,None,None,None,None,None,MANGANESE,[Mn],0.3,None,None,None,Dioxane:MeCN,100,none,0,UPLCMS,C2,35.37444934
zz210326_sp3_sp3_CC_decarb_deam,96,60,,96,C,3,"1,3-dioxoisoindolin-2-yl (tert-butoxycarbonyl)leucinate",O=C(ON1C(C(C=CC=C2)=C2C1=O)=O)C(NC(OC(C)(C)C)=O)CC(C)C,0.1,"2,4,6-triphenyl-1-(4-(trifluoromethyl)benzyl)pyridin-1-ium",FC(C(C=C1)=CC=C1C[N+]2=C(C3=CC=CC=C3)C=C(C4=CC=CC=C4)C=C2C5=CC=CC=C5)(F)F.F[B-](F)(F)F,0.1,tert-butyl (4-methyl-1-(4-(trifluoromethyl)phenyl)pentan-2-yl)carbamate,CC(OC(NC(CC1=CC=C(C(F)(F)F)C=C1)CC(C)C)=O)(C)C,NICKEL(II) BROMIDE ETHYLENE GLYCOL DIMETHYL ETHER COMPLEX,COCCOC.[Ni+2].[Br-].[Br-],0.02,"4,4_-Bis(trifluoromethyl)-2,2_-bipyridine",FC(C1=CC(C2=NC=CC(C(F)(F)F)=C2)=NC=C1)(F)F,0.03,None,None,None,None,None,None,None,None,None,MANGANESE,[Mn],0.3,None,None,None,Dioxane:MeCN,100,none,0,UPLCMS,C3,0
zz210326_sp3_sp3_CC_decarb_deam,96,60,,96,C,4,"1,3-dioxoisoindolin-2-yl 2-((tert-butoxycarbonyl)amino)pentanoate",O=C(ON1C(C(C=CC=C2)=C2C1=O)=O)C(NC(OC(C)(C)C)=O)CCC,0.1,"2,4,6-triphenyl-1-(4-(trifluoromethyl)benzyl)pyridin-1-ium",FC(C(C=C1)=CC=C1C[N+]2=C(C3=CC=CC=C3)C=C(C4=CC=CC=C4)C=C2C5=CC=CC=C5)(F)F.F[B-](F)(F)F,0.1,tert-butyl (1-(4-(trifluoromethyl)phenyl)pentan-2-yl)carbamate,CCCC(NC(OC(C)(C)C)=O)CC1=CC=C(C(F)(F)F)C=C1,NICKEL(II) BROMIDE ETHYLENE GLYCOL DIMETHYL ETHER COMPLEX,COCCOC.[Ni+2].[Br-].[Br-],0.02,"4,4_-Bis(trifluoromethyl)-2,2_-bipyridine",FC(C1=CC(C2=NC=CC(C(F)(F)F)=C2)=NC=C1)(F)F,0.03,None,None,None,None,None,None,None,None,None,MANGANESE,[Mn],0.3,None,None,None,Dioxane:MeCN,100,none,0,UPLCMS,C4,51.2812381
zz210326_sp3_sp3_CC_decarb_deam,96,60,,96,C,5,"1,3-dioxoisoindolin-2-yl (tert-butoxycarbonyl)alaninate",O=C(ON1C(C(C=CC=C2)=C2C1=O)=O)C(NC(OC(C)(C)C)=O)C,0.1,"2,4,6-triphenyl-1-(4-(trifluoromethyl)benzyl)pyridin-1-ium",FC(C(C=C1)=CC=C1C[N+]2=C(C3=CC=CC=C3)C=C(C4=CC=CC=C4)C=C2C5=CC=CC=C5)(F)F.F[B-](F)(F)F,0.1,tert-butyl (1-(4-(trifluoromethyl)phenyl)propan-2-yl)carbamate,CC(NC(OC(C)(C)C)=O)CC1=CC=C(C(F)(F)F)C=C1,NICKEL(II) BROMIDE ETHYLENE GLYCOL DIMETHYL ETHER COMPLEX,COCCOC.[Ni+2].[Br-].[Br-],0.02,"4,4_-Bis(trifluoromethyl)-2,2_-bipyridine",FC(C1=CC(C2=NC=CC(C(F)(F)F)=C2)=NC=C1)(F)F,0.03,None,None,None,None,None,None,None,None,None,MANGANESE,[Mn],0.3,None,None,None,Dioxane:MeCN,100,none,0,UPLCMS,C5,19.74219048
zz210326_sp3_sp3_CC_decarb_deam,96,60,,96,C,6,"1,3-dioxoisoindolin-2-yl (tert-butoxycarbonyl)methioninate",O=C(ON1C(C(C=CC=C2)=C2C1=O)=O)C(NC(OC(C)(C)C)=O)CCSC,0.1,"2,4,6-triphenyl-1-(4-(trifluoromethyl)benzyl)pyridin-1-ium",FC(C(C=C1)=CC=C1C[N+]2=C(C3=CC=CC=C3)C=C(C4=CC=CC=C4)C=C2C5=CC=CC=C5)(F)F.F[B-](F)(F)F,0.1,tert-butyl (4-(methylthio)-1-(4-(trifluoromethyl)phenyl)butan-2-yl)carbamate,CC(OC(NC(CC1=CC=C(C(F)(F)F)C=C1)CCSC)=O)(C)C,NICKEL(II) BROMIDE ETHYLENE GLYCOL DIMETHYL ETHER COMPLEX,COCCOC.[Ni+2].[Br-].[Br-],0.02,"4,4_-Bis(trifluoromethyl)-2,2_-bipyridine",FC(C1=CC(C2=NC=CC(C(F)(F)F)=C2)=NC=C1)(F)F,0.03,None,None,None,None,None,None,None,None,None,MANGANESE,[Mn],0.3,None,None,None,Dioxane:MeCN,100,none,0,UPLCMS,C6,86.84210526
zz210326_sp3_sp3_CC_decarb_deam,96,60,,96,C,7,"1,3-dioxoisoindolin-2-yl (tert-butoxycarbonyl)phenylalaninate",O=C(ON1C(C(C=CC=C2)=C2C1=O)=O)C(NC(OC(C)(C)C)=O)CC3=CC=CC=C3,0.1,"2,4,6-triphenyl-1-(4-(trifluoromethyl)benzyl)pyridin-1-ium",FC(C(C=C1)=CC=C1C[N+]2=C(C3=CC=CC=C3)C=C(C4=CC=CC=C4)C=C2C5=CC=CC=C5)(F)F.F[B-](F)(F)F,0.1,tert-butyl (1-phenyl-3-(4-(trifluoromethyl)phenyl)propan-2-yl)carbamate,CC(OC(NC(CC1=CC=C(C(F)(F)F)C=C1)CC2=CC=CC=C2)=O)(C)C,NICKEL(II) BROMIDE ETHYLENE GLYCOL DIMETHYL ETHER COMPLEX,COCCOC.[Ni+2].[Br-].[Br-],0.02,"4,4_-Bis(trifluoromethyl)-2,2_-bipyridine",FC(C1=CC(C2=NC=CC(C(F)(F)F)=C2)=NC=C1)(F)F,0.03,None,None,None,None,None,None,None,None,None,MANGANESE,[Mn],0.3,None,None,None,Dioxane:MeCN,100,none,0,UPLCMS,C7,29.16829746
zz210326_sp3_sp3_CC_decarb_deam,96,60,,96,C,8,"1,3-dioxoisoindolin-2-yl 2-((tert-butoxycarbonyl)amino)-3-(perfluorophenyl)propanoate",FC(C(F)=C1F)=C(F)C(F)=C1CC(C(ON2C(C(C=CC=C3)=C3C2=O)=O)=O)NC(OC(C)(C)C)=O,0.1,"2,4,6-triphenyl-1-(4-(trifluoromethyl)benzyl)pyridin-1-ium",FC(C(C=C1)=CC=C1C[N+]2=C(C3=CC=CC=C3)C=C(C4=CC=CC=C4)C=C2C5=CC=CC=C5)(F)F.F[B-](F)(F)F,0.1,tert-butyl (1-(perfluorophenyl)-3-(4-(trifluoromethyl)phenyl)propan-2-yl)carbamate,FC(C(F)=C1F)=C(F)C(F)=C1CC(NC(OC(C)(C)C)=O)CC2=CC=C(C(F)(F)F)C=C2,NICKEL(II) BROMIDE ETHYLENE GLYCOL DIMETHYL ETHER COMPLEX,COCCOC.[Ni+2].[Br-].[Br-],0.02,"4,4_-Bis(trifluoromethyl)-2,2_-bipyridine",FC(C1=CC(C2=NC=CC(C(F)(F)F)=C2)=NC=C1)(F)F,0.03,None,None,None,None,None,None,None,None,None,MANGANESE,[Mn],0.3,None,None,None,Dioxane:MeCN,100,none,0,UPLCMS,C8,0
zz210326_sp3_sp3_CC_decarb_deam,96,60,,96,C,9,"1,3-dioxoisoindolin-2-yl 2-(3,4-dimethoxyphenyl)acetate",O=C(ON1C(C(C=CC=C2)=C2C1=O)=O)CC3=CC(OC)=C(OC)C=C3,0.1,"2,4,6-triphenyl-1-(4-(trifluoromethyl)benzyl)pyridin-1-ium",FC(C(C=C1)=CC=C1C[N+]2=C(C3=CC=CC=C3)C=C(C4=CC=CC=C4)C=C2C5=CC=CC=C5)(F)F.F[B-](F)(F)F,0.1,"1,2-dimethoxy-4-(4-(trifluoromethyl)phenethyl)benzene",COC1=C(OC)C=CC(CCC2=CC=C(C(F)(F)F)C=C2)=C1,NICKEL(II) BROMIDE ETHYLENE GLYCOL DIMETHYL ETHER COMPLEX,COCCOC.[Ni+2].[Br-].[Br-],0.02,"4,4_-Bis(trifluoromethyl)-2,2_-bipyridine",FC(C1=CC(C2=NC=CC(C(F)(F)F)=C2)=NC=C1)(F)F,0.03,None,None,None,None,None,None,None,None,None,MANGANESE,[Mn],0.3,None,None,None,Dioxane:MeCN,100,none,0,UPLCMS,C9,28.51715686
zz210326_sp3_sp3_CC_decarb_deam,96,60,,96,C,10,"1,3-dioxoisoindolin-2-yl 2-(1-(4-chlorobenzoyl)-5-methoxy-2-methyl-1H-indol-3-yl)acetate",O=C(C1=CC=C(Cl)C=C1)N2C(C)=C(CC(ON3C(C(C=CC=C4)=C4C3=O)=O)=O)C5=CC(OC)=CC=C52,0.1,"2,4,6-triphenyl-1-(4-(trifluoromethyl)benzyl)pyridin-1-ium",FC(C(C=C1)=CC=C1C[N+]2=C(C3=CC=CC=C3)C=C(C4=CC=CC=C4)C=C2C5=CC=CC=C5)(F)F.F[B-](F)(F)F,0.1,(4-chlorophenyl)(5-methoxy-2-methyl-3-(4-(trifluoromethyl)phenethyl)-1H-indol-1-yl)methanone,O=C(C1=CC=C(Cl)C=C1)N2C(C)=C(CCC3=CC=C(C(F)(F)F)C=C3)C4=CC(OC)=CC=C42,NICKEL(II) BROMIDE ETHYLENE GLYCOL DIMETHYL ETHER COMPLEX,COCCOC.[Ni+2].[Br-].[Br-],0.02,"4,4_-Bis(trifluoromethyl)-2,2_-bipyridine",FC(C1=CC(C2=NC=CC(C(F)(F)F)=C2)=NC=C1)(F)F,0.03,None,None,None,None,None,None,None,None,None,MANGANESE,[Mn],0.3,None,None,None,Dioxane:MeCN,100,none,0,UPLCMS,C10,0
zz210326_sp3_sp3_CC_decarb_deam,96,60,,96,C,11,"1,3-dioxoisoindolin-2-yl 2-(2-((2,6-dichlorophenyl)amino)phenyl)acetate",ClC1=C(NC2=CC=CC=C2CC(ON3C(C(C=CC=C4)=C4C3=O)=O)=O)C(Cl)=CC=C1,0.1,"2,4,6-triphenyl-1-(4-(trifluoromethyl)benzyl)pyridin-1-ium",FC(C(C=C1)=CC=C1C[N+]2=C(C3=CC=CC=C3)C=C(C4=CC=CC=C4)C=C2C5=CC=CC=C5)(F)F.F[B-](F)(F)F,0.1,"2,6-dichloro-N-(2-(4-(trifluoromethyl)phenethyl)phenyl)aniline",ClC1=C(NC2=CC=CC=C2CCC3=CC=C(C(F)(F)F)C=C3)C(Cl)=CC=C1,NICKEL(II) BROMIDE ETHYLENE GLYCOL DIMETHYL ETHER COMPLEX,COCCOC.[Ni+2].[Br-].[Br-],0.02,"4,4_-Bis(trifluoromethyl)-2,2_-bipyridine",FC(C1=CC(C2=NC=CC(C(F)(F)F)=C2)=NC=C1)(F)F,0.03,None,None,None,None,None,None,None,None,None,MANGANESE,[Mn],0.3,None,None,None,Dioxane:MeCN,100,none,0,UPLCMS,C11,0
zz210326_sp3_sp3_CC_decarb_deam,96,60,,96,C,12,"1,3-dioxoisoindolin-2-yl 2-(4-isobutylphenyl)propanoate",O=C(ON1C(C(C=CC=C2)=C2C1=O)=O)C(C)C3=CC=C(CC(C)C)C=C3,0.1,"2,4,6-triphenyl-1-(4-(trifluoromethyl)benzyl)pyridin-1-ium",FC(C(C=C1)=CC=C1C[N+]2=C(C3=CC=CC=C3)C=C(C4=CC=CC=C4)C=C2C5=CC=CC=C5)(F)F.F[B-](F)(F)F,0.1,1-isobutyl-4-(1-(4-(trifluoromethyl)phenyl)propan-2-yl)benzene,CC(CC1=CC=C(C(F)(F)F)C=C1)C2=CC=C(CC(C)C)C=C2,NICKEL(II) BROMIDE ETHYLENE GLYCOL DIMETHYL ETHER COMPLEX,COCCOC.[Ni+2].[Br-].[Br-],0.02,"4,4_-Bis(trifluoromethyl)-2,2_-bipyridine",FC(C1=CC(C2=NC=CC(C(F)(F)F)=C2)=NC=C1)(F)F,0.03,None,None,None,None,None,None,None,None,None,MANGANESE,[Mn],0.3,None,None,None,Dioxane:MeCN,100,none,0,UPLCMS,C12,67.26335805
zz210326_sp3_sp3_CC_decarb_deam,96,60,,96,D,1,"1-(tert-butyl) 2-(1,3-dioxoisoindolin-2-yl) pyrrolidine-1,2-dicarboxylate",O=C(ON1C(C(C=CC=C2)=C2C1=O)=O)C3N(C(OC(C)(C)C)=O)CCC3,0.1,"1-(2,4-dichlorobenzyl)-2,4,6-triphenylpyridin-1-ium",ClC(C=C1)=CC(Cl)=C1C[N+]2=C(C3=CC=CC=C3)C=C(C4=CC=CC=C4)C=C2C5=CC=CC=C5.F[B-](F)(F)F,0.1,"tert-butyl 2-(2,4-dichlorobenzyl)pyrrolidine-1-carboxylate",ClC(C=C1)=CC(Cl)=C1CC2N(C(OC(C)(C)C)=O)CCC2,NICKEL(II) BROMIDE ETHYLENE GLYCOL DIMETHYL ETHER COMPLEX,COCCOC.[Ni+2].[Br-].[Br-],0.02,"4,4_-Bis(trifluoromethyl)-2,2_-bipyridine",FC(C1=CC(C2=NC=CC(C(F)(F)F)=C2)=NC=C1)(F)F,0.03,None,None,None,None,None,None,None,None,None,MANGANESE,[Mn],0.3,None,None,None,Dioxane:MeCN,100,none,0,UPLCMS,D1,43.00564972
zz210326_sp3_sp3_CC_decarb_deam,96,60,,96,D,2,"1,3-dioxoisoindolin-2-yl (tert-butoxycarbonyl)valinate",O=C(ON1C(C(C=CC=C2)=C2C1=O)=O)C(NC(OC(C)(C)C)=O)C(C)C,0.1,"1-(2,4-dichlorobenzyl)-2,4,6-triphenylpyridin-1-ium",ClC(C=C1)=CC(Cl)=C1C[N+]2=C(C3=CC=CC=C3)C=C(C4=CC=CC=C4)C=C2C5=CC=CC=C5.F[B-](F)(F)F,0.1,"tert-butyl (1-(2,4-dichlorophenyl)-3-methylbutan-2-yl)carbamate",ClC(C=C1Cl)=CC=C1CC(NC(OC(C)(C)C)=O)C(C)C,NICKEL(II) BROMIDE ETHYLENE GLYCOL DIMETHYL ETHER COMPLEX,COCCOC.[Ni+2].[Br-].[Br-],0.02,"4,4_-Bis(trifluoromethyl)-2,2_-bipyridine",FC(C1=CC(C2=NC=CC(C(F)(F)F)=C2)=NC=C1)(F)F,0.03,None,None,None,None,None,None,None,None,None,MANGANESE,[Mn],0.3,None,None,None,Dioxane:MeCN,100,none,0,UPLCMS,D2,17.40506329
zz210326_sp3_sp3_CC_decarb_deam,96,60,,96,D,3,"1,3-dioxoisoindolin-2-yl (tert-butoxycarbonyl)leucinate",O=C(ON1C(C(C=CC=C2)=C2C1=O)=O)C(NC(OC(C)(C)C)=O)CC(C)C,0.1,"1-(2,4-dichlorobenzyl)-2,4,6-triphenylpyridin-1-ium",ClC(C=C1)=CC(Cl)=C1C[N+]2=C(C3=CC=CC=C3)C=C(C4=CC=CC=C4)C=C2C5=CC=CC=C5.F[B-](F)(F)F,0.1,"tert-butyl (1-(2,4-dichlorophenyl)-4-methylpentan-2-yl)carbamate",ClC(C=C1Cl)=CC=C1CC(NC(OC(C)(C)C)=O)CC(C)C,NICKEL(II) BROMIDE ETHYLENE GLYCOL DIMETHYL ETHER COMPLEX,COCCOC.[Ni+2].[Br-].[Br-],0.02,"4,4_-Bis(trifluoromethyl)-2,2_-bipyridine",FC(C1=CC(C2=NC=CC(C(F)(F)F)=C2)=NC=C1)(F)F,0.03,None,None,None,None,None,None,None,None,None,MANGANESE,[Mn],0.3,None,None,None,Dioxane:MeCN,100,none,0,UPLCMS,D3,32.29895238
zz210326_sp3_sp3_CC_decarb_deam,96,60,,96,D,4,"1,3-dioxoisoindolin-2-yl 2-((tert-butoxycarbonyl)amino)pentanoate",O=C(ON1C(C(C=CC=C2)=C2C1=O)=O)C(NC(OC(C)(C)C)=O)CCC,0.1,"1-(2,4-dichlorobenzyl)-2,4,6-triphenylpyridin-1-ium",ClC(C=C1)=CC(Cl)=C1C[N+]2=C(C3=CC=CC=C3)C=C(C4=CC=CC=C4)C=C2C5=CC=CC=C5.F[B-](F)(F)F,0.1,"tert-butyl (1-(2,4-dichlorophenyl)pentan-2-yl)carbamate",ClC(C=C1Cl)=CC=C1CC(NC(OC(C)(C)C)=O)CCC,NICKEL(II) BROMIDE ETHYLENE GLYCOL DIMETHYL ETHER COMPLEX,COCCOC.[Ni+2].[Br-].[Br-],0.02,"4,4_-Bis(trifluoromethyl)-2,2_-bipyridine",FC(C1=CC(C2=NC=CC(C(F)(F)F)=C2)=NC=C1)(F)F,0.03,None,None,None,None,None,None,None,None,None,MANGANESE,[Mn],0.3,None,None,None,Dioxane:MeCN,100,none,0,UPLCMS,D4,82.2987619
zz210326_sp3_sp3_CC_decarb_deam,96,60,,96,D,5,"1,3-dioxoisoindolin-2-yl (tert-butoxycarbonyl)alaninate",O=C(ON1C(C(C=CC=C2)=C2C1=O)=O)C(NC(OC(C)(C)C)=O)C,0.1,"1-(2,4-dichlorobenzyl)-2,4,6-triphenylpyridin-1-ium",ClC(C=C1)=CC(Cl)=C1C[N+]2=C(C3=CC=CC=C3)C=C(C4=CC=CC=C4)C=C2C5=CC=CC=C5.F[B-](F)(F)F,0.1,"tert-butyl (1-(2,4-dichlorophenyl)propan-2-yl)carbamate",ClC(C=C1Cl)=CC=C1CC(NC(OC(C)(C)C)=O)C,NICKEL(II) BROMIDE ETHYLENE GLYCOL DIMETHYL ETHER COMPLEX,COCCOC.[Ni+2].[Br-].[Br-],0.02,"4,4_-Bis(trifluoromethyl)-2,2_-bipyridine",FC(C1=CC(C2=NC=CC(C(F)(F)F)=C2)=NC=C1)(F)F,0.03,None,None,None,None,None,None,None,None,None,MANGANESE,[Mn],0.3,None,None,None,Dioxane:MeCN,100,none,0,UPLCMS,D5,59.5
zz210326_sp3_sp3_CC_decarb_deam,96,60,,96,D,6,"1,3-dioxoisoindolin-2-yl (tert-butoxycarbonyl)methioninate",O=C(ON1C(C(C=CC=C2)=C2C1=O)=O)C(NC(OC(C)(C)C)=O)CCSC,0.1,"1-(2,4-dichlorobenzyl)-2,4,6-triphenylpyridin-1-ium",ClC(C=C1)=CC(Cl)=C1C[N+]2=C(C3=CC=CC=C3)C=C(C4=CC=CC=C4)C=C2C5=CC=CC=C5.F[B-](F)(F)F,0.1,"tert-butyl (1-(2,4-dichlorophenyl)-4-(methylthio)butan-2-yl)carbamate",ClC(C=C1Cl)=CC=C1CC(NC(OC(C)(C)C)=O)CCSC,NICKEL(II) BROMIDE ETHYLENE GLYCOL DIMETHYL ETHER COMPLEX,COCCOC.[Ni+2].[Br-].[Br-],0.02,"4,4_-Bis(trifluoromethyl)-2,2_-bipyridine",FC(C1=CC(C2=NC=CC(C(F)(F)F)=C2)=NC=C1)(F)F,0.03,None,None,None,None,None,None,None,None,None,MANGANESE,[Mn],0.3,None,None,None,Dioxane:MeCN,100,none,0,UPLCMS,D6,37.50747757
zz210326_sp3_sp3_CC_decarb_deam,96,60,,96,D,7,"1,3-dioxoisoindolin-2-yl (tert-butoxycarbonyl)phenylalaninate",O=C(ON1C(C(C=CC=C2)=C2C1=O)=O)C(NC(OC(C)(C)C)=O)CC3=CC=CC=C3,0.1,"1-(2,4-dichlorobenzyl)-2,4,6-triphenylpyridin-1-ium",ClC(C=C1)=CC(Cl)=C1C[N+]2=C(C3=CC=CC=C3)C=C(C4=CC=CC=C4)C=C2C5=CC=CC=C5.F[B-](F)(F)F,0.1,"tert-butyl (1-(2,4-dichlorophenyl)-3-phenylpropan-2-yl)carbamate",ClC(C=C1Cl)=CC=C1CC(NC(OC(C)(C)C)=O)CC2=CC=CC=C2,NICKEL(II) BROMIDE ETHYLENE GLYCOL DIMETHYL ETHER COMPLEX,COCCOC.[Ni+2].[Br-].[Br-],0.02,"4,4_-Bis(trifluoromethyl)-2,2_-bipyridine",FC(C1=CC(C2=NC=CC(C(F)(F)F)=C2)=NC=C1)(F)F,0.03,None,None,None,None,None,None,None,None,None,MANGANESE,[Mn],0.3,None,None,None,Dioxane:MeCN,100,none,0,UPLCMS,D7,35.17821782
zz210326_sp3_sp3_CC_decarb_deam,96,60,,96,D,8,"1,3-dioxoisoindolin-2-yl 2-((tert-butoxycarbonyl)amino)-3-(perfluorophenyl)propanoate",FC(C(F)=C1F)=C(F)C(F)=C1CC(C(ON2C(C(C=CC=C3)=C3C2=O)=O)=O)NC(OC(C)(C)C)=O,0.1,"1-(2,4-dichlorobenzyl)-2,4,6-triphenylpyridin-1-ium",ClC(C=C1)=CC(Cl)=C1C[N+]2=C(C3=CC=CC=C3)C=C(C4=CC=CC=C4)C=C2C5=CC=CC=C5.F[B-](F)(F)F,0.1,"tert-butyl (1-(2,4-dichlorophenyl)-3-(perfluorophenyl)propan-2-yl)carbamate",FC(C(F)=C1F)=C(F)C(F)=C1CC(NC(OC(C)(C)C)=O)CC2=CC=C(Cl)C=C2Cl,NICKEL(II) BROMIDE ETHYLENE GLYCOL DIMETHYL ETHER COMPLEX,COCCOC.[Ni+2].[Br-].[Br-],0.02,"4,4_-Bis(trifluoromethyl)-2,2_-bipyridine",FC(C1=CC(C2=NC=CC(C(F)(F)F)=C2)=NC=C1)(F)F,0.03,None,None,None,None,None,None,None,None,None,MANGANESE,[Mn],0.3,None,None,None,Dioxane:MeCN,100,none,0,UPLCMS,D8,1.848380952
zz210326_sp3_sp3_CC_decarb_deam,96,60,,96,D,9,"1,3-dioxoisoindolin-2-yl 2-(3,4-dimethoxyphenyl)acetate",O=C(ON1C(C(C=CC=C2)=C2C1=O)=O)CC3=CC(OC)=C(OC)C=C3,0.1,"1-(2,4-dichlorobenzyl)-2,4,6-triphenylpyridin-1-ium",ClC(C=C1)=CC(Cl)=C1C[N+]2=C(C3=CC=CC=C3)C=C(C4=CC=CC=C4)C=C2C5=CC=CC=C5.F[B-](F)(F)F,0.1,"2,4-dichloro-1-(3,4-dimethoxyphenethyl)benzene",ClC(C=C1Cl)=CC=C1CCC2=CC(OC)=C(OC)C=C2,NICKEL(II) BROMIDE ETHYLENE GLYCOL DIMETHYL ETHER COMPLEX,COCCOC.[Ni+2].[Br-].[Br-],0.02,"4,4_-Bis(trifluoromethyl)-2,2_-bipyridine",FC(C1=CC(C2=NC=CC(C(F)(F)F)=C2)=NC=C1)(F)F,0.03,None,None,None,None,None,None,None,None,None,MANGANESE,[Mn],0.3,None,None,None,Dioxane:MeCN,100,none,0,UPLCMS,D9,40.84629391
zz210326_sp3_sp3_CC_decarb_deam,96,60,,96,D,10,"1,3-dioxoisoindolin-2-yl 2-(1-(4-chlorobenzoyl)-5-methoxy-2-methyl-1H-indol-3-yl)acetate",O=C(C1=CC=C(Cl)C=C1)N2C(C)=C(CC(ON3C(C(C=CC=C4)=C4C3=O)=O)=O)C5=CC(OC)=CC=C52,0.1,"1-(2,4-dichlorobenzyl)-2,4,6-triphenylpyridin-1-ium",ClC(C=C1)=CC(Cl)=C1C[N+]2=C(C3=CC=CC=C3)C=C(C4=CC=CC=C4)C=C2C5=CC=CC=C5.F[B-](F)(F)F,0.1,"(4-chlorophenyl)(3-(2,4-dichlorophenethyl)-5-methoxy-2-methyl-1H-indol-1-yl)methanone",O=C(C1=CC=C(Cl)C=C1)N2C(C)=C(CCC3=C(Cl)C=C(Cl)C=C3)C4=CC(OC)=CC=C42,NICKEL(II) BROMIDE ETHYLENE GLYCOL DIMETHYL ETHER COMPLEX,COCCOC.[Ni+2].[Br-].[Br-],0.02,"4,4_-Bis(trifluoromethyl)-2,2_-bipyridine",FC(C1=CC(C2=NC=CC(C(F)(F)F)=C2)=NC=C1)(F)F,0.03,None,None,None,None,None,None,None,None,None,MANGANESE,[Mn],0.3,None,None,None,Dioxane:MeCN,100,none,0,UPLCMS,D10,0
zz210326_sp3_sp3_CC_decarb_deam,96,60,,96,D,11,"1,3-dioxoisoindolin-2-yl 2-(2-((2,6-dichlorophenyl)amino)phenyl)acetate",ClC1=C(NC2=CC=CC=C2CC(ON3C(C(C=CC=C4)=C4C3=O)=O)=O)C(Cl)=CC=C1,0.1,"1-(2,4-dichlorobenzyl)-2,4,6-triphenylpyridin-1-ium",ClC(C=C1)=CC(Cl)=C1C[N+]2=C(C3=CC=CC=C3)C=C(C4=CC=CC=C4)C=C2C5=CC=CC=C5.F[B-](F)(F)F,0.1,"2,6-dichloro-N-(2-(2,4-dichlorophenethyl)phenyl)aniline",ClC1=C(NC2=CC=CC=C2CCC3=CC=C(Cl)C=C3Cl)C(Cl)=CC=C1,NICKEL(II) BROMIDE ETHYLENE GLYCOL DIMETHYL ETHER COMPLEX,COCCOC.[Ni+2].[Br-].[Br-],0.02,"4,4_-Bis(trifluoromethyl)-2,2_-bipyridine",FC(C1=CC(C2=NC=CC(C(F)(F)F)=C2)=NC=C1)(F)F,0.03,None,None,None,None,None,None,None,None,None,MANGANESE,[Mn],0.3,None,None,None,Dioxane:MeCN,100,none,0,UPLCMS,D11,0
zz210326_sp3_sp3_CC_decarb_deam,96,60,,96,D,12,"1,3-dioxoisoindolin-2-yl 2-(4-isobutylphenyl)propanoate",O=C(ON1C(C(C=CC=C2)=C2C1=O)=O)C(C)C3=CC=C(CC(C)C)C=C3,0.1,"1-(2,4-dichlorobenzyl)-2,4,6-triphenylpyridin-1-ium",ClC(C=C1)=CC(Cl)=C1C[N+]2=C(C3=CC=CC=C3)C=C(C4=CC=CC=C4)C=C2C5=CC=CC=C5.F[B-](F)(F)F,0.1,"2,4-dichloro-1-(2-(4-isobutylphenyl)propyl)benzene",ClC(C=C1)=CC(Cl)=C1CC(C)C2=CC=C(CC(C)C)C=C2,NICKEL(II) BROMIDE ETHYLENE GLYCOL DIMETHYL ETHER COMPLEX,COCCOC.[Ni+2].[Br-].[Br-],0.02,"4,4_-Bis(trifluoromethyl)-2,2_-bipyridine",FC(C1=CC(C2=NC=CC(C(F)(F)F)=C2)=NC=C1)(F)F,0.03,None,None,None,None,None,None,None,None,None,MANGANESE,[Mn],0.3,None,None,None,Dioxane:MeCN,100,none,0,UPLCMS,D12,61.22617598
zz210326_sp3_sp3_CC_decarb_deam,96,60,,96,E,1,"1-(tert-butyl) 2-(1,3-dioxoisoindolin-2-yl) pyrrolidine-1,2-dicarboxylate",O=C(ON1C(C(C=CC=C2)=C2C1=O)=O)C3N(C(OC(C)(C)C)=O)CCC3,0.1,"1-cyclohexyl-2,4,6-triphenylpyridin-1-ium",C1([N+]2=C(C3=CC=CC=C3)C=C(C4=CC=CC=C4)C=C2C5=CC=CC=C5)CCCCC1,0.1,tert-butyl 2-cyclohexylpyrrolidine-1-carboxylate,CC(OC(N1CCCC1C2CCCCC2)=O)(C)C,NICKEL(II) BROMIDE ETHYLENE GLYCOL DIMETHYL ETHER COMPLEX,COCCOC.[Ni+2].[Br-].[Br-],0.02,"4,4_-Bis(trifluoromethyl)-2,2_-bipyridine",FC(C1=CC(C2=NC=CC(C(F)(F)F)=C2)=NC=C1)(F)F,0.03,None,None,None,None,None,None,None,None,None,MANGANESE,[Mn],0.3,None,None,None,Dioxane:MeCN,100,none,0,UPLCMS,E1,100
zz210326_sp3_sp3_CC_decarb_deam,96,60,,96,E,2,"1,3-dioxoisoindolin-2-yl (tert-butoxycarbonyl)valinate",O=C(ON1C(C(C=CC=C2)=C2C1=O)=O)C(NC(OC(C)(C)C)=O)C(C)C,0.1,"1-cyclohexyl-2,4,6-triphenylpyridin-1-ium",C1([N+]2=C(C3=CC=CC=C3)C=C(C4=CC=CC=C4)C=C2C5=CC=CC=C5)CCCCC1,0.1,tert-butyl (1-cyclohexyl-2-methylpropyl)carbamate,CC(OC(NC(C1CCCCC1)C(C)C)=O)(C)C,NICKEL(II) BROMIDE ETHYLENE GLYCOL DIMETHYL ETHER COMPLEX,COCCOC.[Ni+2].[Br-].[Br-],0.02,"4,4_-Bis(trifluoromethyl)-2,2_-bipyridine",FC(C1=CC(C2=NC=CC(C(F)(F)F)=C2)=NC=C1)(F)F,0.03,None,None,None,None,None,None,None,None,None,MANGANESE,[Mn],0.3,None,None,None,Dioxane:MeCN,100,none,0,UPLCMS,E2,20.01904762
zz210326_sp3_sp3_CC_decarb_deam,96,60,,96,E,3,"1,3-dioxoisoindolin-2-yl (tert-butoxycarbonyl)leucinate",O=C(ON1C(C(C=CC=C2)=C2C1=O)=O)C(NC(OC(C)(C)C)=O)CC(C)C,0.1,"1-cyclohexyl-2,4,6-triphenylpyridin-1-ium",C1([N+]2=C(C3=CC=CC=C3)C=C(C4=CC=CC=C4)C=C2C5=CC=CC=C5)CCCCC1,0.1,tert-butyl (1-cyclohexyl-3-methylbutyl)carbamate,CC(OC(NC(C1CCCCC1)CC(C)C)=O)(C)C,NICKEL(II) BROMIDE ETHYLENE GLYCOL DIMETHYL ETHER COMPLEX,COCCOC.[Ni+2].[Br-].[Br-],0.02,"4,4_-Bis(trifluoromethyl)-2,2_-bipyridine",FC(C1=CC(C2=NC=CC(C(F)(F)F)=C2)=NC=C1)(F)F,0.03,None,None,None,None,None,None,None,None,None,MANGANESE,[Mn],0.3,None,None,None,Dioxane:MeCN,100,none,0,UPLCMS,E3,14.16352381
zz210326_sp3_sp3_CC_decarb_deam,96,60,,96,E,4,"1,3-dioxoisoindolin-2-yl 2-((tert-butoxycarbonyl)amino)pentanoate",O=C(ON1C(C(C=CC=C2)=C2C1=O)=O)C(NC(OC(C)(C)C)=O)CCC,0.1,"1-cyclohexyl-2,4,6-triphenylpyridin-1-ium",C1([N+]2=C(C3=CC=CC=C3)C=C(C4=CC=CC=C4)C=C2C5=CC=CC=C5)CCCCC1,0.1,tert-butyl (1-cyclohexylbutyl)carbamate,CCCC(NC(OC(C)(C)C)=O)C1CCCCC1,NICKEL(II) BROMIDE ETHYLENE GLYCOL DIMETHYL ETHER COMPLEX,COCCOC.[Ni+2].[Br-].[Br-],0.02,"4,4_-Bis(trifluoromethyl)-2,2_-bipyridine",FC(C1=CC(C2=NC=CC(C(F)(F)F)=C2)=NC=C1)(F)F,0.03,None,None,None,None,None,None,None,None,None,MANGANESE,[Mn],0.3,None,None,None,Dioxane:MeCN,100,none,0,UPLCMS,E4,14.38942857
zz210326_sp3_sp3_CC_decarb_deam,96,60,,96,E,5,"1,3-dioxoisoindolin-2-yl (tert-butoxycarbonyl)alaninate",O=C(ON1C(C(C=CC=C2)=C2C1=O)=O)C(NC(OC(C)(C)C)=O)C,0.1,"1-cyclohexyl-2,4,6-triphenylpyridin-1-ium",C1([N+]2=C(C3=CC=CC=C3)C=C(C4=CC=CC=C4)C=C2C5=CC=CC=C5)CCCCC1,0.1,tert-butyl (1-cyclohexylethyl)carbamate,CC(NC(OC(C)(C)C)=O)C1CCCCC1,NICKEL(II) BROMIDE ETHYLENE GLYCOL DIMETHYL ETHER COMPLEX,COCCOC.[Ni+2].[Br-].[Br-],0.02,"4,4_-Bis(trifluoromethyl)-2,2_-bipyridine",FC(C1=CC(C2=NC=CC(C(F)(F)F)=C2)=NC=C1)(F)F,0.03,None,None,None,None,None,None,None,None,None,MANGANESE,[Mn],0.3,None,None,None,Dioxane:MeCN,100,none,0,UPLCMS,E5,11.48161905
zz210326_sp3_sp3_CC_decarb_deam,96,60,,96,E,6,"1,3-dioxoisoindolin-2-yl (tert-butoxycarbonyl)methioninate",O=C(ON1C(C(C=CC=C2)=C2C1=O)=O)C(NC(OC(C)(C)C)=O)CCSC,0.1,"1-cyclohexyl-2,4,6-triphenylpyridin-1-ium",C1([N+]2=C(C3=CC=CC=C3)C=C(C4=CC=CC=C4)C=C2C5=CC=CC=C5)CCCCC1,0.1,tert-butyl (1-cyclohexyl-3-(methylthio)propyl)carbamate,CC(OC(NC(C1CCCCC1)CCSC)=O)(C)C,NICKEL(II) BROMIDE ETHYLENE GLYCOL DIMETHYL ETHER COMPLEX,COCCOC.[Ni+2].[Br-].[Br-],0.02,"4,4_-Bis(trifluoromethyl)-2,2_-bipyridine",FC(C1=CC(C2=NC=CC(C(F)(F)F)=C2)=NC=C1)(F)F,0.03,None,None,None,None,None,None,None,None,None,MANGANESE,[Mn],0.3,None,None,None,Dioxane:MeCN,100,none,0,UPLCMS,E6,3.369428571
zz210326_sp3_sp3_CC_decarb_deam,96,60,,96,E,7,"1,3-dioxoisoindolin-2-yl (tert-butoxycarbonyl)phenylalaninate",O=C(ON1C(C(C=CC=C2)=C2C1=O)=O)C(NC(OC(C)(C)C)=O)CC3=CC=CC=C3,0.1,"1-cyclohexyl-2,4,6-triphenylpyridin-1-ium",C1([N+]2=C(C3=CC=CC=C3)C=C(C4=CC=CC=C4)C=C2C5=CC=CC=C5)CCCCC1,0.1,tert-butyl (1-cyclohexyl-2-phenylethyl)carbamate,CC(OC(NC(C1CCCCC1)CC2=CC=CC=C2)=O)(C)C,NICKEL(II) BROMIDE ETHYLENE GLYCOL DIMETHYL ETHER COMPLEX,COCCOC.[Ni+2].[Br-].[Br-],0.02,"4,4_-Bis(trifluoromethyl)-2,2_-bipyridine",FC(C1=CC(C2=NC=CC(C(F)(F)F)=C2)=NC=C1)(F)F,0.03,None,None,None,None,None,None,None,None,None,MANGANESE,[Mn],0.3,None,None,None,Dioxane:MeCN,100,none,0,UPLCMS,E7,3.102095238
zz210326_sp3_sp3_CC_decarb_deam,96,60,,96,E,8,"1,3-dioxoisoindolin-2-yl 2-((tert-butoxycarbonyl)amino)-3-(perfluorophenyl)propanoate",FC(C(F)=C1F)=C(F)C(F)=C1CC(C(ON2C(C(C=CC=C3)=C3C2=O)=O)=O)NC(OC(C)(C)C)=O,0.1,"1-cyclohexyl-2,4,6-triphenylpyridin-1-ium",C1([N+]2=C(C3=CC=CC=C3)C=C(C4=CC=CC=C4)C=C2C5=CC=CC=C5)CCCCC1,0.1,tert-butyl (1-cyclohexyl-2-(perfluorophenyl)ethyl)carbamate,FC(C(F)=C1F)=C(F)C(F)=C1CC(NC(OC(C)(C)C)=O)C2CCCCC2,NICKEL(II) BROMIDE ETHYLENE GLYCOL DIMETHYL ETHER COMPLEX,COCCOC.[Ni+2].[Br-].[Br-],0.02,"4,4_-Bis(trifluoromethyl)-2,2_-bipyridine",FC(C1=CC(C2=NC=CC(C(F)(F)F)=C2)=NC=C1)(F)F,0.03,None,None,None,None,None,None,None,None,None,MANGANESE,[Mn],0.3,None,None,None,Dioxane:MeCN,100,none,0,UPLCMS,E8,0
zz210326_sp3_sp3_CC_decarb_deam,96,60,,96,E,9,"1,3-dioxoisoindolin-2-yl 2-(3,4-dimethoxyphenyl)acetate",O=C(ON1C(C(C=CC=C2)=C2C1=O)=O)CC3=CC(OC)=C(OC)C=C3,0.1,"1-cyclohexyl-2,4,6-triphenylpyridin-1-ium",C1([N+]2=C(C3=CC=CC=C3)C=C(C4=CC=CC=C4)C=C2C5=CC=CC=C5)CCCCC1,0.1,"4-(cyclohexylmethyl)-1,2-dimethoxybenzene",COC1=C(OC)C=CC(CC2CCCCC2)=C1,NICKEL(II) BROMIDE ETHYLENE GLYCOL DIMETHYL ETHER COMPLEX,COCCOC.[Ni+2].[Br-].[Br-],0.02,"4,4_-Bis(trifluoromethyl)-2,2_-bipyridine",FC(C1=CC(C2=NC=CC(C(F)(F)F)=C2)=NC=C1)(F)F,0.03,None,None,None,None,None,None,None,None,None,MANGANESE,[Mn],0.3,None,None,None,Dioxane:MeCN,100,none,0,UPLCMS,E9,21.74342755
zz210326_sp3_sp3_CC_decarb_deam,96,60,,96,E,10,"1,3-dioxoisoindolin-2-yl 2-(1-(4-chlorobenzoyl)-5-methoxy-2-methyl-1H-indol-3-yl)acetate",O=C(C1=CC=C(Cl)C=C1)N2C(C)=C(CC(ON3C(C(C=CC=C4)=C4C3=O)=O)=O)C5=CC(OC)=CC=C52,0.1,"1-cyclohexyl-2,4,6-triphenylpyridin-1-ium",C1([N+]2=C(C3=CC=CC=C3)C=C(C4=CC=CC=C4)C=C2C5=CC=CC=C5)CCCCC1,0.1,(4-chlorophenyl)(3-(cyclohexylmethyl)-5-methoxy-2-methyl-1H-indol-1-yl)methanone,O=C(C1=CC=C(Cl)C=C1)N2C(C)=C(CC3CCCCC3)C4=CC(OC)=CC=C42,NICKEL(II) BROMIDE ETHYLENE GLYCOL DIMETHYL ETHER COMPLEX,COCCOC.[Ni+2].[Br-].[Br-],0.02,"4,4_-Bis(trifluoromethyl)-2,2_-bipyridine",FC(C1=CC(C2=NC=CC(C(F)(F)F)=C2)=NC=C1)(F)F,0.03,None,None,None,None,None,None,None,None,None,MANGANESE,[Mn],0.3,None,None,None,Dioxane:MeCN,100,none,0,UPLCMS,E10,0
zz210326_sp3_sp3_CC_decarb_deam,96,60,,96,E,11,"1,3-dioxoisoindolin-2-yl 2-(2-((2,6-dichlorophenyl)amino)phenyl)acetate",ClC1=C(NC2=CC=CC=C2CC(ON3C(C(C=CC=C4)=C4C3=O)=O)=O)C(Cl)=CC=C1,0.1,"1-cyclohexyl-2,4,6-triphenylpyridin-1-ium",C1([N+]2=C(C3=CC=CC=C3)C=C(C4=CC=CC=C4)C=C2C5=CC=CC=C5)CCCCC1,0.1,"2,6-dichloro-N-(2-(cyclohexylmethyl)phenyl)aniline",ClC1=C(NC2=CC=CC=C2CC3CCCCC3)C(Cl)=CC=C1,NICKEL(II) BROMIDE ETHYLENE GLYCOL DIMETHYL ETHER COMPLEX,COCCOC.[Ni+2].[Br-].[Br-],0.02,"4,4_-Bis(trifluoromethyl)-2,2_-bipyridine",FC(C1=CC(C2=NC=CC(C(F)(F)F)=C2)=NC=C1)(F)F,0.03,None,None,None,None,None,None,None,None,None,MANGANESE,[Mn],0.3,None,None,None,Dioxane:MeCN,100,none,0,UPLCMS,E11,0
zz210326_sp3_sp3_CC_decarb_deam,96,60,,96,E,12,"1,3-dioxoisoindolin-2-yl 2-(4-isobutylphenyl)propanoate",O=C(ON1C(C(C=CC=C2)=C2C1=O)=O)C(C)C3=CC=C(CC(C)C)C=C3,0.1,"1-cyclohexyl-2,4,6-triphenylpyridin-1-ium",C1([N+]2=C(C3=CC=CC=C3)C=C(C4=CC=CC=C4)C=C2C5=CC=CC=C5)CCCCC1,0.1,1-(1-cyclohexylethyl)-4-isobutylbenzene,CC(C1CCCCC1)C2=CC=C(CC(C)C)C=C2,NICKEL(II) BROMIDE ETHYLENE GLYCOL DIMETHYL ETHER COMPLEX,COCCOC.[Ni+2].[Br-].[Br-],0.02,"4,4_-Bis(trifluoromethyl)-2,2_-bipyridine",FC(C1=CC(C2=NC=CC(C(F)(F)F)=C2)=NC=C1)(F)F,0.03,None,None,None,None,None,None,None,None,None,MANGANESE,[Mn],0.3,None,None,None,Dioxane:MeCN,100,none,0,UPLCMS,E12,0
zz210326_sp3_sp3_CC_decarb_deam,96,60,,96,F,1,"1-(tert-butyl) 2-(1,3-dioxoisoindolin-2-yl) pyrrolidine-1,2-dicarboxylate",O=C(ON1C(C(C=CC=C2)=C2C1=O)=O)C3N(C(OC(C)(C)C)=O)CCC3,0.1,"1-cyclopentyl-2,4,6-triphenylpyridin-1-ium",F[B-](F)(F)F.C1([N+]2=C(C3=CC=CC=C3)C=C(C4=CC=CC=C4)C=C2C5=CC=CC=C5)CCCC1,0.1,tert-butyl 2-cyclopentylpyrrolidine-1-carboxylate,CC(OC(N1CCCC1C2CCCC2)=O)(C)C,NICKEL(II) BROMIDE ETHYLENE GLYCOL DIMETHYL ETHER COMPLEX,COCCOC.[Ni+2].[Br-].[Br-],0.02,"4,4_-Bis(trifluoromethyl)-2,2_-bipyridine",FC(C1=CC(C2=NC=CC(C(F)(F)F)=C2)=NC=C1)(F)F,0.03,None,None,None,None,None,None,None,None,None,MANGANESE,[Mn],0.3,None,None,None,Dioxane:MeCN,100,none,0,UPLCMS,F1,99.81685714
zz210326_sp3_sp3_CC_decarb_deam,96,60,,96,F,2,"1,3-dioxoisoindolin-2-yl (tert-butoxycarbonyl)valinate",O=C(ON1C(C(C=CC=C2)=C2C1=O)=O)C(NC(OC(C)(C)C)=O)C(C)C,0.1,"1-cyclopentyl-2,4,6-triphenylpyridin-1-ium",F[B-](F)(F)F.C1([N+]2=C(C3=CC=CC=C3)C=C(C4=CC=CC=C4)C=C2C5=CC=CC=C5)CCCC1,0.1,tert-butyl (1-cyclopentyl-2-methylpropyl)carbamate,CC(OC(NC(C1CCCC1)C(C)C)=O)(C)C,NICKEL(II) BROMIDE ETHYLENE GLYCOL DIMETHYL ETHER COMPLEX,COCCOC.[Ni+2].[Br-].[Br-],0.02,"4,4_-Bis(trifluoromethyl)-2,2_-bipyridine",FC(C1=CC(C2=NC=CC(C(F)(F)F)=C2)=NC=C1)(F)F,0.03,None,None,None,None,None,None,None,None,None,MANGANESE,[Mn],0.3,None,None,None,Dioxane:MeCN,100,none,0,UPLCMS,F2,4.528952381
zz210326_sp3_sp3_CC_decarb_deam,96,60,,96,F,3,"1,3-dioxoisoindolin-2-yl (tert-butoxycarbonyl)leucinate",O=C(ON1C(C(C=CC=C2)=C2C1=O)=O)C(NC(OC(C)(C)C)=O)CC(C)C,0.1,"1-cyclopentyl-2,4,6-triphenylpyridin-1-ium",F[B-](F)(F)F.C1([N+]2=C(C3=CC=CC=C3)C=C(C4=CC=CC=C4)C=C2C5=CC=CC=C5)CCCC1,0.1,tert-butyl (1-cyclopentyl-3-methylbutyl)carbamate,CC(OC(NC(C1CCCC1)CC(C)C)=O)(C)C,NICKEL(II) BROMIDE ETHYLENE GLYCOL DIMETHYL ETHER COMPLEX,COCCOC.[Ni+2].[Br-].[Br-],0.02,"4,4_-Bis(trifluoromethyl)-2,2_-bipyridine",FC(C1=CC(C2=NC=CC(C(F)(F)F)=C2)=NC=C1)(F)F,0.03,None,None,None,None,None,None,None,None,None,MANGANESE,[Mn],0.3,None,None,None,Dioxane:MeCN,100,none,0,UPLCMS,F3,13.856
zz210326_sp3_sp3_CC_decarb_deam,96,60,,96,F,4,"1,3-dioxoisoindolin-2-yl 2-((tert-butoxycarbonyl)amino)pentanoate",O=C(ON1C(C(C=CC=C2)=C2C1=O)=O)C(NC(OC(C)(C)C)=O)CCC,0.1,"1-cyclopentyl-2,4,6-triphenylpyridin-1-ium",F[B-](F)(F)F.C1([N+]2=C(C3=CC=CC=C3)C=C(C4=CC=CC=C4)C=C2C5=CC=CC=C5)CCCC1,0.1,tert-butyl (1-cyclopentylbutyl)carbamate,CCCC(NC(OC(C)(C)C)=O)C1CCCC1,NICKEL(II) BROMIDE ETHYLENE GLYCOL DIMETHYL ETHER COMPLEX,COCCOC.[Ni+2].[Br-].[Br-],0.02,"4,4_-Bis(trifluoromethyl)-2,2_-bipyridine",FC(C1=CC(C2=NC=CC(C(F)(F)F)=C2)=NC=C1)(F)F,0.03,None,None,None,None,None,None,None,None,None,MANGANESE,[Mn],0.3,None,None,None,Dioxane:MeCN,100,none,0,UPLCMS,F4,25.31419048
zz210326_sp3_sp3_CC_decarb_deam,96,60,,96,F,5,"1,3-dioxoisoindolin-2-yl (tert-butoxycarbonyl)alaninate",O=C(ON1C(C(C=CC=C2)=C2C1=O)=O)C(NC(OC(C)(C)C)=O)C,0.1,"1-cyclopentyl-2,4,6-triphenylpyridin-1-ium",F[B-](F)(F)F.C1([N+]2=C(C3=CC=CC=C3)C=C(C4=CC=CC=C4)C=C2C5=CC=CC=C5)CCCC1,0.1,tert-butyl (1-cyclopentylethyl)carbamate,CC(NC(OC(C)(C)C)=O)C1CCCC1,NICKEL(II) BROMIDE ETHYLENE GLYCOL DIMETHYL ETHER COMPLEX,COCCOC.[Ni+2].[Br-].[Br-],0.02,"4,4_-Bis(trifluoromethyl)-2,2_-bipyridine",FC(C1=CC(C2=NC=CC(C(F)(F)F)=C2)=NC=C1)(F)F,0.03,None,None,None,None,None,None,None,None,None,MANGANESE,[Mn],0.3,None,None,None,Dioxane:MeCN,100,none,0,UPLCMS,F5,4.501619048
zz210326_sp3_sp3_CC_decarb_deam,96,60,,96,F,6,"1,3-dioxoisoindolin-2-yl (tert-butoxycarbonyl)methioninate",O=C(ON1C(C(C=CC=C2)=C2C1=O)=O)C(NC(OC(C)(C)C)=O)CCSC,0.1,"1-cyclopentyl-2,4,6-triphenylpyridin-1-ium",F[B-](F)(F)F.C1([N+]2=C(C3=CC=CC=C3)C=C(C4=CC=CC=C4)C=C2C5=CC=CC=C5)CCCC1,0.1,tert-butyl (1-cyclopentyl-3-(methylthio)propyl)carbamate,CC(OC(NC(C1CCCC1)CCSC)=O)(C)C,NICKEL(II) BROMIDE ETHYLENE GLYCOL DIMETHYL ETHER COMPLEX,COCCOC.[Ni+2].[Br-].[Br-],0.02,"4,4_-Bis(trifluoromethyl)-2,2_-bipyridine",FC(C1=CC(C2=NC=CC(C(F)(F)F)=C2)=NC=C1)(F)F,0.03,None,None,None,None,None,None,None,None,None,MANGANESE,[Mn],0.3,None,None,None,Dioxane:MeCN,100,none,0,UPLCMS,F6,2.017428571
zz210326_sp3_sp3_CC_decarb_deam,96,60,,96,F,7,"1,3-dioxoisoindolin-2-yl (tert-butoxycarbonyl)phenylalaninate",O=C(ON1C(C(C=CC=C2)=C2C1=O)=O)C(NC(OC(C)(C)C)=O)CC3=CC=CC=C3,0.1,"1-cyclopentyl-2,4,6-triphenylpyridin-1-ium",F[B-](F)(F)F.C1([N+]2=C(C3=CC=CC=C3)C=C(C4=CC=CC=C4)C=C2C5=CC=CC=C5)CCCC1,0.1,tert-butyl (1-cyclopentyl-2-phenylethyl)carbamate,CC(OC(NC(C1CCCC1)CC2=CC=CC=C2)=O)(C)C,NICKEL(II) BROMIDE ETHYLENE GLYCOL DIMETHYL ETHER COMPLEX,COCCOC.[Ni+2].[Br-].[Br-],0.02,"4,4_-Bis(trifluoromethyl)-2,2_-bipyridine",FC(C1=CC(C2=NC=CC(C(F)(F)F)=C2)=NC=C1)(F)F,0.03,None,None,None,None,None,None,None,None,None,MANGANESE,[Mn],0.3,None,None,None,Dioxane:MeCN,100,none,0,UPLCMS,F7,12.05942623
zz210326_sp3_sp3_CC_decarb_deam,96,60,,96,F,8,"1,3-dioxoisoindolin-2-yl 2-((tert-butoxycarbonyl)amino)-3-(perfluorophenyl)propanoate",FC(C(F)=C1F)=C(F)C(F)=C1CC(C(ON2C(C(C=CC=C3)=C3C2=O)=O)=O)NC(OC(C)(C)C)=O,0.1,"1-cyclopentyl-2,4,6-triphenylpyridin-1-ium",F[B-](F)(F)F.C1([N+]2=C(C3=CC=CC=C3)C=C(C4=CC=CC=C4)C=C2C5=CC=CC=C5)CCCC1,0.1,tert-butyl (1-cyclopentyl-2-(perfluorophenyl)ethyl)carbamate,FC(C(F)=C1F)=C(F)C(F)=C1CC(NC(OC(C)(C)C)=O)C2CCCC2,NICKEL(II) BROMIDE ETHYLENE GLYCOL DIMETHYL ETHER COMPLEX,COCCOC.[Ni+2].[Br-].[Br-],0.02,"4,4_-Bis(trifluoromethyl)-2,2_-bipyridine",FC(C1=CC(C2=NC=CC(C(F)(F)F)=C2)=NC=C1)(F)F,0.03,None,None,None,None,None,None,None,None,None,MANGANESE,[Mn],0.3,None,None,None,Dioxane:MeCN,100,none,0,UPLCMS,F8,0
zz210326_sp3_sp3_CC_decarb_deam,96,60,,96,F,9,"1,3-dioxoisoindolin-2-yl 2-(3,4-dimethoxyphenyl)acetate",O=C(ON1C(C(C=CC=C2)=C2C1=O)=O)CC3=CC(OC)=C(OC)C=C3,0.1,"1-cyclopentyl-2,4,6-triphenylpyridin-1-ium",F[B-](F)(F)F.C1([N+]2=C(C3=CC=CC=C3)C=C(C4=CC=CC=C4)C=C2C5=CC=CC=C5)CCCC1,0.1,"4-(cyclopentylmethyl)-1,2-dimethoxybenzene",COC1=C(OC)C=CC(CC2CCCC2)=C1,NICKEL(II) BROMIDE ETHYLENE GLYCOL DIMETHYL ETHER COMPLEX,COCCOC.[Ni+2].[Br-].[Br-],0.02,"4,4_-Bis(trifluoromethyl)-2,2_-bipyridine",FC(C1=CC(C2=NC=CC(C(F)(F)F)=C2)=NC=C1)(F)F,0.03,None,None,None,None,None,None,None,None,None,MANGANESE,[Mn],0.3,None,None,None,Dioxane:MeCN,100,none,0,UPLCMS,F9,14.24480846
zz210326_sp3_sp3_CC_decarb_deam,96,60,,96,F,10,"1,3-dioxoisoindolin-2-yl 2-(1-(4-chlorobenzoyl)-5-methoxy-2-methyl-1H-indol-3-yl)acetate",O=C(C1=CC=C(Cl)C=C1)N2C(C)=C(CC(ON3C(C(C=CC=C4)=C4C3=O)=O)=O)C5=CC(OC)=CC=C52,0.1,"1-cyclopentyl-2,4,6-triphenylpyridin-1-ium",F[B-](F)(F)F.C1([N+]2=C(C3=CC=CC=C3)C=C(C4=CC=CC=C4)C=C2C5=CC=CC=C5)CCCC1,0.1,(4-chlorophenyl)(3-(cyclopentylmethyl)-5-methoxy-2-methyl-1H-indol-1-yl)methanone,O=C(C1=CC=C(Cl)C=C1)N2C(C)=C(CC3CCCC3)C4=CC(OC)=CC=C42,NICKEL(II) BROMIDE ETHYLENE GLYCOL DIMETHYL ETHER COMPLEX,COCCOC.[Ni+2].[Br-].[Br-],0.02,"4,4_-Bis(trifluoromethyl)-2,2_-bipyridine",FC(C1=CC(C2=NC=CC(C(F)(F)F)=C2)=NC=C1)(F)F,0.03,None,None,None,None,None,None,None,None,None,MANGANESE,[Mn],0.3,None,None,None,Dioxane:MeCN,100,none,0,UPLCMS,F10,0
zz210326_sp3_sp3_CC_decarb_deam,96,60,,96,F,11,"1,3-dioxoisoindolin-2-yl 2-(2-((2,6-dichlorophenyl)amino)phenyl)acetate",ClC1=C(NC2=CC=CC=C2CC(ON3C(C(C=CC=C4)=C4C3=O)=O)=O)C(Cl)=CC=C1,0.1,"1-cyclopentyl-2,4,6-triphenylpyridin-1-ium",F[B-](F)(F)F.C1([N+]2=C(C3=CC=CC=C3)C=C(C4=CC=CC=C4)C=C2C5=CC=CC=C5)CCCC1,0.1,"2,6-dichloro-N-(2-(cyclopentylmethyl)phenyl)aniline",ClC1=C(NC2=CC=CC=C2CC3CCCC3)C(Cl)=CC=C1,NICKEL(II) BROMIDE ETHYLENE GLYCOL DIMETHYL ETHER COMPLEX,COCCOC.[Ni+2].[Br-].[Br-],0.02,"4,4_-Bis(trifluoromethyl)-2,2_-bipyridine",FC(C1=CC(C2=NC=CC(C(F)(F)F)=C2)=NC=C1)(F)F,0.03,None,None,None,None,None,None,None,None,None,MANGANESE,[Mn],0.3,None,None,None,Dioxane:MeCN,100,none,0,UPLCMS,F11,0
zz210326_sp3_sp3_CC_decarb_deam,96,60,,96,F,12,"1,3-dioxoisoindolin-2-yl 2-(4-isobutylphenyl)propanoate",O=C(ON1C(C(C=CC=C2)=C2C1=O)=O)C(C)C3=CC=C(CC(C)C)C=C3,0.1,"1-cyclopentyl-2,4,6-triphenylpyridin-1-ium",F[B-](F)(F)F.C1([N+]2=C(C3=CC=CC=C3)C=C(C4=CC=CC=C4)C=C2C5=CC=CC=C5)CCCC1,0.1,1-(1-cyclopentylethyl)-4-isobutylbenzene,CC(C1CCCC1)C2=CC=C(CC(C)C)C=C2,NICKEL(II) BROMIDE ETHYLENE GLYCOL DIMETHYL ETHER COMPLEX,COCCOC.[Ni+2].[Br-].[Br-],0.02,"4,4_-Bis(trifluoromethyl)-2,2_-bipyridine",FC(C1=CC(C2=NC=CC(C(F)(F)F)=C2)=NC=C1)(F)F,0.03,None,None,None,None,None,None,None,None,None,MANGANESE,[Mn],0.3,None,None,None,Dioxane:MeCN,100,none,0,UPLCMS,F12,0
zz210326_sp3_sp3_CC_decarb_deam,96,60,,96,G,1,"1-(tert-butyl) 2-(1,3-dioxoisoindolin-2-yl) pyrrolidine-1,2-dicarboxylate",O=C(ON1C(C(C=CC=C2)=C2C1=O)=O)C3N(C(OC(C)(C)C)=O)CCC3,0.1,"1-(1-(2,6-dimethylphenoxy)propan-2-yl)-2,4,6-triphenylpyridin-1-ium",CC(COC1=C(C)C=CC=C1C)[N+]2=C(C3=CC=CC=C3)C=C(C4=CC=CC=C4)C=C2C5=CC=CC=C5.F[B-](F)(F)F,0.1,"tert-butyl 2-(1-(2,6-dimethylphenoxy)propan-2-yl)pyrrolidine-1-carboxylate",CC(COC1=C(C)C=CC=C1C)C2N(C(OC(C)(C)C)=O)CCC2,NICKEL(II) BROMIDE ETHYLENE GLYCOL DIMETHYL ETHER COMPLEX,COCCOC.[Ni+2].[Br-].[Br-],0.02,"4,4_-Bis(trifluoromethyl)-2,2_-bipyridine",FC(C1=CC(C2=NC=CC(C(F)(F)F)=C2)=NC=C1)(F)F,0.03,None,None,None,None,None,None,None,None,None,MANGANESE,[Mn],0.3,None,None,None,Dioxane:MeCN,100,none,0,UPLCMS,G1,5.805047619
zz210326_sp3_sp3_CC_decarb_deam,96,60,,96,G,2,"1,3-dioxoisoindolin-2-yl (tert-butoxycarbonyl)valinate",O=C(ON1C(C(C=CC=C2)=C2C1=O)=O)C(NC(OC(C)(C)C)=O)C(C)C,0.1,"1-(1-(2,6-dimethylphenoxy)propan-2-yl)-2,4,6-triphenylpyridin-1-ium",CC(COC1=C(C)C=CC=C1C)[N+]2=C(C3=CC=CC=C3)C=C(C4=CC=CC=C4)C=C2C5=CC=CC=C5.F[B-](F)(F)F,0.1,"tert-butyl (1-(2,6-dimethylphenoxy)-2,4-dimethylpentan-3-yl)carbamate",CC(COC1=C(C)C=CC=C1C)C(NC(OC(C)(C)C)=O)C(C)C,NICKEL(II) BROMIDE ETHYLENE GLYCOL DIMETHYL ETHER COMPLEX,COCCOC.[Ni+2].[Br-].[Br-],0.02,"4,4_-Bis(trifluoromethyl)-2,2_-bipyridine",FC(C1=CC(C2=NC=CC(C(F)(F)F)=C2)=NC=C1)(F)F,0.03,None,None,None,None,None,None,None,None,None,MANGANESE,[Mn],0.3,None,None,None,Dioxane:MeCN,100,none,0,UPLCMS,G2,0
zz210326_sp3_sp3_CC_decarb_deam,96,60,,96,G,3,"1,3-dioxoisoindolin-2-yl (tert-butoxycarbonyl)leucinate",O=C(ON1C(C(C=CC=C2)=C2C1=O)=O)C(NC(OC(C)(C)C)=O)CC(C)C,0.1,"1-(1-(2,6-dimethylphenoxy)propan-2-yl)-2,4,6-triphenylpyridin-1-ium",CC(COC1=C(C)C=CC=C1C)[N+]2=C(C3=CC=CC=C3)C=C(C4=CC=CC=C4)C=C2C5=CC=CC=C5.F[B-](F)(F)F,0.1,"tert-butyl (1-(2,6-dimethylphenoxy)-2,5-dimethylhexan-3-yl)carbamate",CC(COC1=C(C)C=CC=C1C)C(NC(OC(C)(C)C)=O)CC(C)C,NICKEL(II) BROMIDE ETHYLENE GLYCOL DIMETHYL ETHER COMPLEX,COCCOC.[Ni+2].[Br-].[Br-],0.02,"4,4_-Bis(trifluoromethyl)-2,2_-bipyridine",FC(C1=CC(C2=NC=CC(C(F)(F)F)=C2)=NC=C1)(F)F,0.03,None,None,None,None,None,None,None,None,None,MANGANESE,[Mn],0.3,None,None,None,Dioxane:MeCN,100,none,0,UPLCMS,G3,9.091333333
zz210326_sp3_sp3_CC_decarb_deam,96,60,,96,G,4,"1,3-dioxoisoindolin-2-yl 2-((tert-butoxycarbonyl)amino)pentanoate",O=C(ON1C(C(C=CC=C2)=C2C1=O)=O)C(NC(OC(C)(C)C)=O)CCC,0.1,"1-(1-(2,6-dimethylphenoxy)propan-2-yl)-2,4,6-triphenylpyridin-1-ium",CC(COC1=C(C)C=CC=C1C)[N+]2=C(C3=CC=CC=C3)C=C(C4=CC=CC=C4)C=C2C5=CC=CC=C5.F[B-](F)(F)F,0.1,"tert-butyl (1-(2,6-dimethylphenoxy)-2-methylhexan-3-yl)carbamate",CC(COC1=C(C)C=CC=C1C)C(NC(OC(C)(C)C)=O)CCC,NICKEL(II) BROMIDE ETHYLENE GLYCOL DIMETHYL ETHER COMPLEX,COCCOC.[Ni+2].[Br-].[Br-],0.02,"4,4_-Bis(trifluoromethyl)-2,2_-bipyridine",FC(C1=CC(C2=NC=CC(C(F)(F)F)=C2)=NC=C1)(F)F,0.03,None,None,None,None,None,None,None,None,None,MANGANESE,[Mn],0.3,None,None,None,Dioxane:MeCN,100,none,0,UPLCMS,G4,0
zz210326_sp3_sp3_CC_decarb_deam,96,60,,96,G,5,"1,3-dioxoisoindolin-2-yl (tert-butoxycarbonyl)alaninate",O=C(ON1C(C(C=CC=C2)=C2C1=O)=O)C(NC(OC(C)(C)C)=O)C,0.1,"1-(1-(2,6-dimethylphenoxy)propan-2-yl)-2,4,6-triphenylpyridin-1-ium",CC(COC1=C(C)C=CC=C1C)[N+]2=C(C3=CC=CC=C3)C=C(C4=CC=CC=C4)C=C2C5=CC=CC=C5.F[B-](F)(F)F,0.1,"tert-butyl (4-(2,6-dimethylphenoxy)-3-methylbutan-2-yl)carbamate",CC(COC1=C(C)C=CC=C1C)C(NC(OC(C)(C)C)=O)C,NICKEL(II) BROMIDE ETHYLENE GLYCOL DIMETHYL ETHER COMPLEX,COCCOC.[Ni+2].[Br-].[Br-],0.02,"4,4_-Bis(trifluoromethyl)-2,2_-bipyridine",FC(C1=CC(C2=NC=CC(C(F)(F)F)=C2)=NC=C1)(F)F,0.03,None,None,None,None,None,None,None,None,None,MANGANESE,[Mn],0.3,None,None,None,Dioxane:MeCN,100,none,0,UPLCMS,G5,1.25352381
zz210326_sp3_sp3_CC_decarb_deam,96,60,,96,G,6,"1,3-dioxoisoindolin-2-yl (tert-butoxycarbonyl)methioninate",O=C(ON1C(C(C=CC=C2)=C2C1=O)=O)C(NC(OC(C)(C)C)=O)CCSC,0.1,"1-(1-(2,6-dimethylphenoxy)propan-2-yl)-2,4,6-triphenylpyridin-1-ium",CC(COC1=C(C)C=CC=C1C)[N+]2=C(C3=CC=CC=C3)C=C(C4=CC=CC=C4)C=C2C5=CC=CC=C5.F[B-](F)(F)F,0.1,"tert-butyl (1-(2,6-dimethylphenoxy)-2-methyl-5-(methylthio)pentan-3-yl)carbamate",CC(COC1=C(C)C=CC=C1C)C(NC(OC(C)(C)C)=O)CCSC,NICKEL(II) BROMIDE ETHYLENE GLYCOL DIMETHYL ETHER COMPLEX,COCCOC.[Ni+2].[Br-].[Br-],0.02,"4,4_-Bis(trifluoromethyl)-2,2_-bipyridine",FC(C1=CC(C2=NC=CC(C(F)(F)F)=C2)=NC=C1)(F)F,0.03,None,None,None,None,None,None,None,None,None,MANGANESE,[Mn],0.3,None,None,None,Dioxane:MeCN,100,none,0,UPLCMS,G6,0
zz210326_sp3_sp3_CC_decarb_deam,96,60,,96,G,7,"1,3-dioxoisoindolin-2-yl (tert-butoxycarbonyl)phenylalaninate",O=C(ON1C(C(C=CC=C2)=C2C1=O)=O)C(NC(OC(C)(C)C)=O)CC3=CC=CC=C3,0.1,"1-(1-(2,6-dimethylphenoxy)propan-2-yl)-2,4,6-triphenylpyridin-1-ium",CC(COC1=C(C)C=CC=C1C)[N+]2=C(C3=CC=CC=C3)C=C(C4=CC=CC=C4)C=C2C5=CC=CC=C5.F[B-](F)(F)F,0.1,"tert-butyl (4-(2,6-dimethylphenoxy)-3-methyl-1-phenylbutan-2-yl)carbamate",CC(COC1=C(C)C=CC=C1C)C(NC(OC(C)(C)C)=O)CC2=CC=CC=C2,NICKEL(II) BROMIDE ETHYLENE GLYCOL DIMETHYL ETHER COMPLEX,COCCOC.[Ni+2].[Br-].[Br-],0.02,"4,4_-Bis(trifluoromethyl)-2,2_-bipyridine",FC(C1=CC(C2=NC=CC(C(F)(F)F)=C2)=NC=C1)(F)F,0.03,None,None,None,None,None,None,None,None,None,MANGANESE,[Mn],0.3,None,None,None,Dioxane:MeCN,100,none,0,UPLCMS,G7,0
zz210326_sp3_sp3_CC_decarb_deam,96,60,,96,G,8,"1,3-dioxoisoindolin-2-yl 2-((tert-butoxycarbonyl)amino)-3-(perfluorophenyl)propanoate",FC(C(F)=C1F)=C(F)C(F)=C1CC(C(ON2C(C(C=CC=C3)=C3C2=O)=O)=O)NC(OC(C)(C)C)=O,0.1,"1-(1-(2,6-dimethylphenoxy)propan-2-yl)-2,4,6-triphenylpyridin-1-ium",CC(COC1=C(C)C=CC=C1C)[N+]2=C(C3=CC=CC=C3)C=C(C4=CC=CC=C4)C=C2C5=CC=CC=C5.F[B-](F)(F)F,0.1,"tert-butyl (4-(2,6-dimethylphenoxy)-3-methyl-1-(perfluorophenyl)butan-2-yl)carbamate",FC(C(F)=C1F)=C(F)C(F)=C1CC(NC(OC(C)(C)C)=O)C(C)COC2=C(C)C=CC=C2C,NICKEL(II) BROMIDE ETHYLENE GLYCOL DIMETHYL ETHER COMPLEX,COCCOC.[Ni+2].[Br-].[Br-],0.02,"4,4_-Bis(trifluoromethyl)-2,2_-bipyridine",FC(C1=CC(C2=NC=CC(C(F)(F)F)=C2)=NC=C1)(F)F,0.03,None,None,None,None,None,None,None,None,None,MANGANESE,[Mn],0.3,None,None,None,Dioxane:MeCN,100,none,0,UPLCMS,G8,0
zz210326_sp3_sp3_CC_decarb_deam,96,60,,96,G,9,"1,3-dioxoisoindolin-2-yl 2-(3,4-dimethoxyphenyl)acetate",O=C(ON1C(C(C=CC=C2)=C2C1=O)=O)CC3=CC(OC)=C(OC)C=C3,0.1,"1-(1-(2,6-dimethylphenoxy)propan-2-yl)-2,4,6-triphenylpyridin-1-ium",CC(COC1=C(C)C=CC=C1C)[N+]2=C(C3=CC=CC=C3)C=C(C4=CC=CC=C4)C=C2C5=CC=CC=C5.F[B-](F)(F)F,0.1,"2-(3-(3,4-dimethoxyphenyl)-2-methylpropoxy)-1,3-dimethylbenzene",CC(COC1=C(C)C=CC=C1C)CC2=CC(OC)=C(OC)C=C2,NICKEL(II) BROMIDE ETHYLENE GLYCOL DIMETHYL ETHER COMPLEX,COCCOC.[Ni+2].[Br-].[Br-],0.02,"4,4_-Bis(trifluoromethyl)-2,2_-bipyridine",FC(C1=CC(C2=NC=CC(C(F)(F)F)=C2)=NC=C1)(F)F,0.03,None,None,None,None,None,None,None,None,None,MANGANESE,[Mn],0.3,None,None,None,Dioxane:MeCN,100,none,0,UPLCMS,G9,0
zz210326_sp3_sp3_CC_decarb_deam,96,60,,96,G,10,"1,3-dioxoisoindolin-2-yl 2-(1-(4-chlorobenzoyl)-5-methoxy-2-methyl-1H-indol-3-yl)acetate",O=C(C1=CC=C(Cl)C=C1)N2C(C)=C(CC(ON3C(C(C=CC=C4)=C4C3=O)=O)=O)C5=CC(OC)=CC=C52,0.1,"1-(1-(2,6-dimethylphenoxy)propan-2-yl)-2,4,6-triphenylpyridin-1-ium",CC(COC1=C(C)C=CC=C1C)[N+]2=C(C3=CC=CC=C3)C=C(C4=CC=CC=C4)C=C2C5=CC=CC=C5.F[B-](F)(F)F,0.1,"(4-chlorophenyl)(3-(3-(2,6-dimethylphenoxy)-2-methylpropyl)-5-methoxy-2-methyl-1H-indol-1-yl)methanone",O=C(C1=CC=C(Cl)C=C1)N2C(C)=C(CC(C)COC3=C(C)C=CC=C3C)C4=CC(OC)=CC=C42,NICKEL(II) BROMIDE ETHYLENE GLYCOL DIMETHYL ETHER COMPLEX,COCCOC.[Ni+2].[Br-].[Br-],0.02,"4,4_-Bis(trifluoromethyl)-2,2_-bipyridine",FC(C1=CC(C2=NC=CC(C(F)(F)F)=C2)=NC=C1)(F)F,0.03,None,None,None,None,None,None,None,None,None,MANGANESE,[Mn],0.3,None,None,None,Dioxane:MeCN,100,none,0,UPLCMS,G10,0
zz210326_sp3_sp3_CC_decarb_deam,96,60,,96,G,11,"1,3-dioxoisoindolin-2-yl 2-(2-((2,6-dichlorophenyl)amino)phenyl)acetate",ClC1=C(NC2=CC=CC=C2CC(ON3C(C(C=CC=C4)=C4C3=O)=O)=O)C(Cl)=CC=C1,0.1,"1-(1-(2,6-dimethylphenoxy)propan-2-yl)-2,4,6-triphenylpyridin-1-ium",CC(COC1=C(C)C=CC=C1C)[N+]2=C(C3=CC=CC=C3)C=C(C4=CC=CC=C4)C=C2C5=CC=CC=C5.F[B-](F)(F)F,0.1,"2,6-dichloro-N-(2-(3-(2,6-dimethylphenoxy)-2-methylpropyl)phenyl)aniline",ClC1=C(NC2=CC=CC=C2CC(C)COC3=C(C)C=CC=C3C)C(Cl)=CC=C1,NICKEL(II) BROMIDE ETHYLENE GLYCOL DIMETHYL ETHER COMPLEX,COCCOC.[Ni+2].[Br-].[Br-],0.02,"4,4_-Bis(trifluoromethyl)-2,2_-bipyridine",FC(C1=CC(C2=NC=CC(C(F)(F)F)=C2)=NC=C1)(F)F,0.03,None,None,None,None,None,None,None,None,None,MANGANESE,[Mn],0.3,None,None,None,Dioxane:MeCN,100,none,0,UPLCMS,G11,0
zz210326_sp3_sp3_CC_decarb_deam,96,60,,96,G,12,"1,3-dioxoisoindolin-2-yl 2-(4-isobutylphenyl)propanoate",O=C(ON1C(C(C=CC=C2)=C2C1=O)=O)C(C)C3=CC=C(CC(C)C)C=C3,0.1,"1-(1-(2,6-dimethylphenoxy)propan-2-yl)-2,4,6-triphenylpyridin-1-ium",CC(COC1=C(C)C=CC=C1C)[N+]2=C(C3=CC=CC=C3)C=C(C4=CC=CC=C4)C=C2C5=CC=CC=C5.F[B-](F)(F)F,0.1,"2-(3-(4-isobutylphenyl)-2-methylbutoxy)-1,3-dimethylbenzene",CC(COC1=C(C)C=CC=C1C)C(C)C2=CC=C(CC(C)C)C=C2,NICKEL(II) BROMIDE ETHYLENE GLYCOL DIMETHYL ETHER COMPLEX,COCCOC.[Ni+2].[Br-].[Br-],0.02,"4,4_-Bis(trifluoromethyl)-2,2_-bipyridine",FC(C1=CC(C2=NC=CC(C(F)(F)F)=C2)=NC=C1)(F)F,0.03,None,None,None,None,None,None,None,None,None,MANGANESE,[Mn],0.3,None,None,None,Dioxane:MeCN,100,none,0,UPLCMS,G12,0
zz210326_sp3_sp3_CC_decarb_deam,96,60,,96,H,1,"1-(tert-butyl) 2-(1,3-dioxoisoindolin-2-yl) pyrrolidine-1,2-dicarboxylate",O=C(ON1C(C(C=CC=C2)=C2C1=O)=O)C3N(C(OC(C)(C)C)=O)CCC3,0.1,"1-(2-(tert-butoxy)-2-oxoethyl)-2,4,6-triphenylpyridin-1-ium",O=C(OC(C)(C)C)C[N+]1=C(C2=CC=CC=C2)C=C(C3=CC=CC=C3)C=C1C4=CC=CC=C4.F[B-](F)(F)F,0.1,tert-butyl 2-(2-(tert-butoxy)-2-oxoethyl)pyrrolidine-1-carboxylate,O=C(OC(C)(C)C)CC1N(C(OC(C)(C)C)=O)CCC1,NICKEL(II) BROMIDE ETHYLENE GLYCOL DIMETHYL ETHER COMPLEX,COCCOC.[Ni+2].[Br-].[Br-],0.02,"4,4_-Bis(trifluoromethyl)-2,2_-bipyridine",FC(C1=CC(C2=NC=CC(C(F)(F)F)=C2)=NC=C1)(F)F,0.03,None,None,None,None,None,None,None,None,None,MANGANESE,[Mn],0.3,None,None,None,Dioxane:MeCN,100,none,0,UPLCMS,H1,15.88952381
zz210326_sp3_sp3_CC_decarb_deam,96,60,,96,H,2,"1,3-dioxoisoindolin-2-yl (tert-butoxycarbonyl)valinate",O=C(ON1C(C(C=CC=C2)=C2C1=O)=O)C(NC(OC(C)(C)C)=O)C(C)C,0.1,"1-(2-(tert-butoxy)-2-oxoethyl)-2,4,6-triphenylpyridin-1-ium",O=C(OC(C)(C)C)C[N+]1=C(C2=CC=CC=C2)C=C(C3=CC=CC=C3)C=C1C4=CC=CC=C4.F[B-](F)(F)F,0.1,tert-butyl 3-((tert-butoxycarbonyl)amino)-4-methylpentanoate,O=C(OC(C)(C)C)CC(NC(OC(C)(C)C)=O)C(C)C,NICKEL(II) BROMIDE ETHYLENE GLYCOL DIMETHYL ETHER COMPLEX,COCCOC.[Ni+2].[Br-].[Br-],0.02,"4,4_-Bis(trifluoromethyl)-2,2_-bipyridine",FC(C1=CC(C2=NC=CC(C(F)(F)F)=C2)=NC=C1)(F)F,0.03,None,None,None,None,None,None,None,None,None,MANGANESE,[Mn],0.3,None,None,None,Dioxane:MeCN,100,none,0,UPLCMS,H2,0
zz210326_sp3_sp3_CC_decarb_deam,96,60,,96,H,3,"1,3-dioxoisoindolin-2-yl (tert-butoxycarbonyl)leucinate",O=C(ON1C(C(C=CC=C2)=C2C1=O)=O)C(NC(OC(C)(C)C)=O)CC(C)C,0.1,"1-(2-(tert-butoxy)-2-oxoethyl)-2,4,6-triphenylpyridin-1-ium",O=C(OC(C)(C)C)C[N+]1=C(C2=CC=CC=C2)C=C(C3=CC=CC=C3)C=C1C4=CC=CC=C4.F[B-](F)(F)F,0.1,tert-butyl 3-((tert-butoxycarbonyl)amino)-5-methylhexanoate,O=C(OC(C)(C)C)CC(NC(OC(C)(C)C)=O)CC(C)C,NICKEL(II) BROMIDE ETHYLENE GLYCOL DIMETHYL ETHER COMPLEX,COCCOC.[Ni+2].[Br-].[Br-],0.02,"4,4_-Bis(trifluoromethyl)-2,2_-bipyridine",FC(C1=CC(C2=NC=CC(C(F)(F)F)=C2)=NC=C1)(F)F,0.03,None,None,None,None,None,None,None,None,None,MANGANESE,[Mn],0.3,None,None,None,Dioxane:MeCN,100,none,0,UPLCMS,H3,1.009142857
zz210326_sp3_sp3_CC_decarb_deam,96,60,,96,H,4,"1,3-dioxoisoindolin-2-yl 2-((tert-butoxycarbonyl)amino)pentanoate",O=C(ON1C(C(C=CC=C2)=C2C1=O)=O)C(NC(OC(C)(C)C)=O)CCC,0.1,"1-(2-(tert-butoxy)-2-oxoethyl)-2,4,6-triphenylpyridin-1-ium",O=C(OC(C)(C)C)C[N+]1=C(C2=CC=CC=C2)C=C(C3=CC=CC=C3)C=C1C4=CC=CC=C4.F[B-](F)(F)F,0.1,tert-butyl 3-((tert-butoxycarbonyl)amino)hexanoate,O=C(OC(C)(C)C)CC(NC(OC(C)(C)C)=O)CCC,NICKEL(II) BROMIDE ETHYLENE GLYCOL DIMETHYL ETHER COMPLEX,COCCOC.[Ni+2].[Br-].[Br-],0.02,"4,4_-Bis(trifluoromethyl)-2,2_-bipyridine",FC(C1=CC(C2=NC=CC(C(F)(F)F)=C2)=NC=C1)(F)F,0.03,None,None,None,None,None,None,None,None,None,MANGANESE,[Mn],0.3,None,None,None,Dioxane:MeCN,100,none,0,UPLCMS,H4,0
zz210326_sp3_sp3_CC_decarb_deam,96,60,,96,H,5,"1,3-dioxoisoindolin-2-yl (tert-butoxycarbonyl)alaninate",O=C(ON1C(C(C=CC=C2)=C2C1=O)=O)C(NC(OC(C)(C)C)=O)C,0.1,"1-(2-(tert-butoxy)-2-oxoethyl)-2,4,6-triphenylpyridin-1-ium",O=C(OC(C)(C)C)C[N+]1=C(C2=CC=CC=C2)C=C(C3=CC=CC=C3)C=C1C4=CC=CC=C4.F[B-](F)(F)F,0.1,tert-butyl 3-((tert-butoxycarbonyl)amino)butanoate,O=C(OC(C)(C)C)CC(NC(OC(C)(C)C)=O)C,NICKEL(II) BROMIDE ETHYLENE GLYCOL DIMETHYL ETHER COMPLEX,COCCOC.[Ni+2].[Br-].[Br-],0.02,"4,4_-Bis(trifluoromethyl)-2,2_-bipyridine",FC(C1=CC(C2=NC=CC(C(F)(F)F)=C2)=NC=C1)(F)F,0.03,None,None,None,None,None,None,None,None,None,MANGANESE,[Mn],0.3,None,None,None,Dioxane:MeCN,100,none,0,UPLCMS,H5,0
zz210326_sp3_sp3_CC_decarb_deam,96,60,,96,H,6,"1,3-dioxoisoindolin-2-yl (tert-butoxycarbonyl)methioninate",O=C(ON1C(C(C=CC=C2)=C2C1=O)=O)C(NC(OC(C)(C)C)=O)CCSC,0.1,"1-(2-(tert-butoxy)-2-oxoethyl)-2,4,6-triphenylpyridin-1-ium",O=C(OC(C)(C)C)C[N+]1=C(C2=CC=CC=C2)C=C(C3=CC=CC=C3)C=C1C4=CC=CC=C4.F[B-](F)(F)F,0.1,tert-butyl 3-((tert-butoxycarbonyl)amino)-5-(methylthio)pentanoate,O=C(OC(C)(C)C)CC(NC(OC(C)(C)C)=O)CCSC,NICKEL(II) BROMIDE ETHYLENE GLYCOL DIMETHYL ETHER COMPLEX,COCCOC.[Ni+2].[Br-].[Br-],0.02,"4,4_-Bis(trifluoromethyl)-2,2_-bipyridine",FC(C1=CC(C2=NC=CC(C(F)(F)F)=C2)=NC=C1)(F)F,0.03,None,None,None,None,None,None,None,None,None,MANGANESE,[Mn],0.3,None,None,None,Dioxane:MeCN,100,none,0,UPLCMS,H6,0
zz210326_sp3_sp3_CC_decarb_deam,96,60,,96,H,7,"1,3-dioxoisoindolin-2-yl (tert-butoxycarbonyl)phenylalaninate",O=C(ON1C(C(C=CC=C2)=C2C1=O)=O)C(NC(OC(C)(C)C)=O)CC3=CC=CC=C3,0.1,"1-(2-(tert-butoxy)-2-oxoethyl)-2,4,6-triphenylpyridin-1-ium",O=C(OC(C)(C)C)C[N+]1=C(C2=CC=CC=C2)C=C(C3=CC=CC=C3)C=C1C4=CC=CC=C4.F[B-](F)(F)F,0.1,tert-butyl 3-((tert-butoxycarbonyl)amino)-4-phenylbutanoate,O=C(OC(C)(C)C)CC(NC(OC(C)(C)C)=O)CC1=CC=CC=C1,NICKEL(II) BROMIDE ETHYLENE GLYCOL DIMETHYL ETHER COMPLEX,COCCOC.[Ni+2].[Br-].[Br-],0.02,"4,4_-Bis(trifluoromethyl)-2,2_-bipyridine",FC(C1=CC(C2=NC=CC(C(F)(F)F)=C2)=NC=C1)(F)F,0.03,None,None,None,None,None,None,None,None,None,MANGANESE,[Mn],0.3,None,None,None,Dioxane:MeCN,100,none,0,UPLCMS,H7,0
zz210326_sp3_sp3_CC_decarb_deam,96,60,,96,H,8,"1,3-dioxoisoindolin-2-yl 2-((tert-butoxycarbonyl)amino)-3-(perfluorophenyl)propanoate",FC(C(F)=C1F)=C(F)C(F)=C1CC(C(ON2C(C(C=CC=C3)=C3C2=O)=O)=O)NC(OC(C)(C)C)=O,0.1,"1-(2-(tert-butoxy)-2-oxoethyl)-2,4,6-triphenylpyridin-1-ium",O=C(OC(C)(C)C)C[N+]1=C(C2=CC=CC=C2)C=C(C3=CC=CC=C3)C=C1C4=CC=CC=C4.F[B-](F)(F)F,0.1,tert-butyl 3-((tert-butoxycarbonyl)amino)-4-(perfluorophenyl)butanoate,FC(C(F)=C1F)=C(F)C(F)=C1CC(NC(OC(C)(C)C)=O)CC(OC(C)(C)C)=O,NICKEL(II) BROMIDE ETHYLENE GLYCOL DIMETHYL ETHER COMPLEX,COCCOC.[Ni+2].[Br-].[Br-],0.02,"4,4_-Bis(trifluoromethyl)-2,2_-bipyridine",FC(C1=CC(C2=NC=CC(C(F)(F)F)=C2)=NC=C1)(F)F,0.03,None,None,None,None,None,None,None,None,None,MANGANESE,[Mn],0.3,None,None,None,Dioxane:MeCN,100,none,0,UPLCMS,H8,2.096857143
zz210326_sp3_sp3_CC_decarb_deam,96,60,,96,H,9,"1,3-dioxoisoindolin-2-yl 2-(3,4-dimethoxyphenyl)acetate",O=C(ON1C(C(C=CC=C2)=C2C1=O)=O)CC3=CC(OC)=C(OC)C=C3,0.1,"1-(2-(tert-butoxy)-2-oxoethyl)-2,4,6-triphenylpyridin-1-ium",O=C(OC(C)(C)C)C[N+]1=C(C2=CC=CC=C2)C=C(C3=CC=CC=C3)C=C1C4=CC=CC=C4.F[B-](F)(F)F,0.1,"tert-butyl 3-(3,4-dimethoxyphenyl)propanoate",O=C(CCC1=CC(OC)=C(OC)C=C1)OC(C)(C)C,NICKEL(II) BROMIDE ETHYLENE GLYCOL DIMETHYL ETHER COMPLEX,COCCOC.[Ni+2].[Br-].[Br-],0.02,"4,4_-Bis(trifluoromethyl)-2,2_-bipyridine",FC(C1=CC(C2=NC=CC(C(F)(F)F)=C2)=NC=C1)(F)F,0.03,None,None,None,None,None,None,None,None,None,MANGANESE,[Mn],0.3,None,None,None,Dioxane:MeCN,100,none,0,UPLCMS,H9,0
zz210326_sp3_sp3_CC_decarb_deam,96,60,,96,H,10,"1,3-dioxoisoindolin-2-yl 2-(1-(4-chlorobenzoyl)-5-methoxy-2-methyl-1H-indol-3-yl)acetate",O=C(C1=CC=C(Cl)C=C1)N2C(C)=C(CC(ON3C(C(C=CC=C4)=C4C3=O)=O)=O)C5=CC(OC)=CC=C52,0.1,"1-(2-(tert-butoxy)-2-oxoethyl)-2,4,6-triphenylpyridin-1-ium",O=C(OC(C)(C)C)C[N+]1=C(C2=CC=CC=C2)C=C(C3=CC=CC=C3)C=C1C4=CC=CC=C4.F[B-](F)(F)F,0.1,tert-butyl 3-(1-(4-chlorobenzoyl)-5-methoxy-2-methyl-1H-indol-3-yl)propanoate,O=C(C1=CC=C(Cl)C=C1)N2C(C)=C(CCC(OC(C)(C)C)=O)C3=CC(OC)=CC=C32,NICKEL(II) BROMIDE ETHYLENE GLYCOL DIMETHYL ETHER COMPLEX,COCCOC.[Ni+2].[Br-].[Br-],0.02,"4,4_-Bis(trifluoromethyl)-2,2_-bipyridine",FC(C1=CC(C2=NC=CC(C(F)(F)F)=C2)=NC=C1)(F)F,0.03,None,None,None,None,None,None,None,None,None,MANGANESE,[Mn],0.3,None,None,None,Dioxane:MeCN,100,none,0,UPLCMS,H10,0.97912386
zz210326_sp3_sp3_CC_decarb_deam,96,60,,96,H,11,"1,3-dioxoisoindolin-2-yl 2-(2-((2,6-dichlorophenyl)amino)phenyl)acetate",ClC1=C(NC2=CC=CC=C2CC(ON3C(C(C=CC=C4)=C4C3=O)=O)=O)C(Cl)=CC=C1,0.1,"1-(2-(tert-butoxy)-2-oxoethyl)-2,4,6-triphenylpyridin-1-ium",O=C(OC(C)(C)C)C[N+]1=C(C2=CC=CC=C2)C=C(C3=CC=CC=C3)C=C1C4=CC=CC=C4.F[B-](F)(F)F,0.1,"tert-butyl 3-(2-((2,6-dichlorophenyl)amino)phenyl)propanoate",ClC1=C(NC2=CC=CC=C2CCC(OC(C)(C)C)=O)C(Cl)=CC=C1,NICKEL(II) BROMIDE ETHYLENE GLYCOL DIMETHYL ETHER COMPLEX,COCCOC.[Ni+2].[Br-].[Br-],0.02,"4,4_-Bis(trifluoromethyl)-2,2_-bipyridine",FC(C1=CC(C2=NC=CC(C(F)(F)F)=C2)=NC=C1)(F)F,0.03,None,None,None,None,None,None,None,None,None,MANGANESE,[Mn],0.3,None,None,None,Dioxane:MeCN,100,none,0,UPLCMS,H11,9.468761905
zz210326_sp3_sp3_CC_decarb_deam,96,60,,96,H,12,"1,3-dioxoisoindolin-2-yl 2-(4-isobutylphenyl)propanoate",O=C(ON1C(C(C=CC=C2)=C2C1=O)=O)C(C)C3=CC=C(CC(C)C)C=C3,0.1,"1-(2-(tert-butoxy)-2-oxoethyl)-2,4,6-triphenylpyridin-1-ium",O=C(OC(C)(C)C)C[N+]1=C(C2=CC=CC=C2)C=C(C3=CC=CC=C3)C=C1C4=CC=CC=C4.F[B-](F)(F)F,0.1,tert-butyl 3-(4-isobutylphenyl)butanoate,O=C(CC(C)C1=CC=C(CC(C)C)C=C1)OC(C)(C)C,NICKEL(II) BROMIDE ETHYLENE GLYCOL DIMETHYL ETHER COMPLEX,COCCOC.[Ni+2].[Br-].[Br-],0.02,"4,4_-Bis(trifluoromethyl)-2,2_-bipyridine",FC(C1=CC(C2=NC=CC(C(F)(F)F)=C2)=NC=C1)(F)F,0.03,None,None,None,None,None,None,None,None,None,MANGANESE,[Mn],0.3,None,None,None,Dioxane:MeCN,100,none,0,UPLCMS,H12,0